77dfc3ce481d98feb32456cd284d0882,http://otylkaaotesanek.cz
72359db338b7c59dce01496c0045e13f,http://pension-helene.cz
4c9df20184bd27be831d1113c5e775b2,http://podzemi.myotis.info
efab55ee503c50b96f9cb1edd3a3055d,http://smrcek.com
435d244c9a584e4099d7546b830c3f42,http://spekband.com
d808f1871ae4755e140d6bc401bb4c09,http://webcom-software.ws/links/?153646e8b0a88
c3ad57d8035f8968094592c6eb50768d,http://worldgymperu.com
c22eef9e5d73424956d843cdf7063380,http://zgsysz.com
706a1c7844b9cc3dae032c3b4029b424,http://oknarai.ru
c375c22f72785b16f56172b01b636a53,http://www.realinnovation.com/css/menu.js
3fb05f385d0c1d029775056a36725e2c,http://hardcorepornparty.com
90cf30ef778ff336a1cd0ec70a3390f7,http://zous.szm.sk
2ffbe3257cbb254af1de4bcc1fa40a86,http://dimsnetwork.com
0051897c53d62bc45d6a3dd84ab3c7c2,http://nudebeachgalleries.net
b4cd01ce4be863baacd16e7f8c948b37,http://buffalogoesout.com
ae418c5a9efd9f5f4a25e44699e52af5,http://antalya.ru/links/
7abc1602719266019d39e471fa5ef2aa,http://img001.com/business/qiji.exe
a5ae5783fcd48ba04be338edc8788692,http://soundcomputers.net
db84a00d644e3011ed119b6869806e54,http://semengineers.com
43d3668e29dd9ca6b1aaa4bcd4ee0c02,http://srslogisticts.com
90b4cf485e21bacfc9aea6d72c680584,http://tendersource.com
9c06d90ecefd533759529d6ffbfc0d12,http://traff1.com/in.cgi?5
25090ed709b53513ea82367410505995,http://web-olymp.ru
1a9527df2f315868f95fba6c3b13303c,http://somnoy.com
519b59a6086f7a1d3dab255737117dd7,http://nadegda-95.ru
822727b35ae8fe1d93d350b96bf55f33,http://romsigmed.ro
3acb8c67b9d30e0ec8cfc106407e9391,http://spatsz.com
d304265c3844ddb5a60f1cf1fb4ce521,http://titon.info
daf6bcdd8d76fa77a065158f5fda5c2c,http://tophostbg.net
376e428252905ce331df6b15701616b3,http://vivaweb.org
3f7a5120738c2a443e70457d6a3dcfb8,http://warco.pl
6494e20c003aa50702a23c8154380b7a,http://bde.be
2587cdf06be86f9b798d0ea950eb0354,http://pwvita.pl
e207de566d47534b4942e887ed220e20,http://roks.ua
316acd569970632107e86f2d11c37e32,http://skgroup.kiev.ua
745fc8a51ec4fc9e8d1fddf3271f03cf,http://tecnocuer.com
8bd6d2d7db10f9328bb4fce27f521999,http://tk-gregoric.si
27789a2eabd05303b8ef46e8fd46439d,http://tomalinoalambres.com.ar
f19914b193a55a9d06273402ae5b303a,http://vipdn123.blackapplehost.com
cfae4a737c473e3c546a169ab3cb9f6a,http://wroclawski.com.pl
a0d5964a576325821c6c2f9feeca59c2,http://xoomer.alice.it/email02/bom.jpg
647a7780752a9fdba005ce56c67c66cd,http://www.propan.ru/forum/downloads.php
ec0b65fc30ae2dbb843a33ed5e8cff7b,http://webcashmaker.com/v2/members/trade_traffic.php
7ffece17c9bdf18f6503b2a4b46b533e,http://stormpages.com/script/PHP.txt
52df7892a78ed3aab727196f7d48c21b,http://stormpages.com/master/psy.txt
d81dbe92a8db94a62763a9c02277316b,http://stormpages.com/master/ping.txt
bd9c3edb0464341ee100d826e463ce49,http://stormpages.com/diantara/BOT.txt
0fdecd9dda2025045e837f056722ab37,http://www.stormpages.com/ariefdream/nidec.txt
50dfa7bf3c9fc56550a5f82c1389854f,http://www.stormpages.com/blewah/bot.txt
86ab0f8f835cd2fd08955efdf82e9441,http://www.stormpages.com/hasheo/mil.txt
cab16556cb5cf72fb51988600d84ef38,http://www.stormpages.com/hasheo/naoky.txt
61c1d813194a9fa30c7bdfb14042a505,http://www.stormpages.com/hasheo/ros.txt
5dde23efb7b1d7b93767966028bb51b3,http://www.stormpages.com/master/VoLcoM_04.txt
1ddae68bd058245d8c8625eb6e834fe2,http://www.stormpages.com/p38r1/aku.txt
ac1a92c6c8d69c0d73b30f53d3d30187,http://www.stormpages.com/script/PHP.txt
0d6e6c47f9b59aba6449e405e3cd584f,http://www.stormpages.com/script/ping.txt
166c89a1bfce256737fd5c9528fec02e,http://www.uriyuri.com/bbs/skin/zero_vote/1.txt
8b62265e84aa4c1cc6ea39b705ecebfe,http://www.wigglewoo.com/portfolio/contests/contest-006.png
ec345ea6f483c68990ab039836e0505d,http://www.hospedar.xpg.com.br/nome.txt
6e39e3b97c8077aa39a54cdc94fb4e97,http://dl.heima8.com/pv/dl.htm?adid=20132
a4a588c2aec4a0fef62460955278153a,http://wfoto.front.ru/fotos.com
4e970dc1edbecbcd14c0c0c46f440df6,http://www.obyz.de/webproxytest.txt
e7298b8fca1b53e61239abc8f3624b32,http://callingcardsinstantly.com/webalizer/050709wareza/crack=17=keygen=serial.html
d2f2944e0974e234aba94d3d8336c52b,http://dawnframing.com/webalizer/050709wareza/crack=17=keygen=serial.html
22ad8ab4980a958f89e66ea7b0d5e69f,http://free-crochet-pattern.com/webalizer/050709wareza/crack=17=keygen=serial.html
22b3786cbc81521effd4051f61d77342,http://sportsulsan.co.kr/poll/aipi/id.txt
9c8665451c6fda5efb3c4fcd2e38bfb6,http://papamamandoudouetmoi.com
3de395d053d9da7a3e1e5294eef401bf,http://www.whitesports.co.kr
23bb3d01066accf60fb6078c0a0ab5df,http://trafficgrowth.com/
c1771232ace246a86baf0e530add3f20,http://thcvaporizer.com/
9f1d7152aec28e1cc8cf6f56dd09da25,http://roorbong.com/
77f6d8d5c0b113bd602c424bc9632d81,http://thcextractor.com/
c014af6d087c060e352ad98109a2edd7,http://purethc.com/
8e69f0c86d9fbff86ced7dadbea0743c,http://potvaporizer.com/
1c272fb8018601ce1c8fffbeac41b8d3,http://portablevaporizer.com/
0bad0ef0721d014d0f379a6cf5625d1d,http://cannabispicture.com/
1ba83a6edf03bb2f7c6bac68a8b99d76,http://cannabislyric.com/
9176509d3f66439cfa975c117260d28c,http://dp-medien.eu
557685102351be93d04ebd20e1b117b5,http://juedische-kammerphilharmonie.de
845a89b094c6624dd8628f172e125791,http://utopia-muenchen.de
b00a77046d374c970852db9b1b56626c,http://vural-electronic.com
fd7a27b662cd40f971eb8d582366e7b6,http://www.purplehorses.net/?page=bleach-244-online
22f8c74f56e489cc0a2c3c1aab5f60bd,http://www.wildsap.com/?kkk=bleach-episodes-244
067cf86ad9b004641358c1095cbf366e,http://www.ohiomm.com/?page=bleach-244-vosta
1707d32bcc25307491daee4f1872d8cc,http://saturnleague.com/mxbb/?kkk=bleach-244-english-sub
0a90968451f711d089aba53ac91cf97b,http://revistaelite.com/?topic=bleach-244-english-sub
1fe97e128aed25328d0dee50b24ddbb8,http://www.wrestlingexposed.com/faq.php?t=bleach-244-english-sub
01db57b0ed815bad4d9c0c10c9ddcdda,http://revistaelite.com/?topic=bleach-244-raw
0f49b7d1164590059b08e79c3f5132c9,http://santacruzsuspension.com/?j=bleach-episode-245
8bd63e09afcec39e79e6e3b4f5e1e880,http://www.doctor-alex.com/files/SetupDrAlex.exe
4af35bc75fdb8984a25eb6ba6d1e9615,http://www.tpt.edu.in/
51226d1e5cb65370833fac66493fb67b,http://inlinea.co.uk/suspended.page/
5f3279de4a6b74c6e5b053c4b01d3a98,http://inlinea.co.uk/adnep/simple.php
50f9d43730928e67763e2d11fd94bee0,http://inlinea.co.uk/adnep/tahitian.php
716ef62c541420e07e80012c9c09045f,http://downloads-whatsapp.com/whatsapp-for-samsung.php
045c98ecfceb0cec0599bb9750f94588,http://websalesusa.com/ken
ede1bcc874c686a5079a4d9f755c0c06,http://www.secondome.com/sora-margherita/
390bad35cb5881a7f3cb6de600c9ea95,http://wkmg.co.kr/bbs/lib/1.txt
3d3f0af970267cf6b753be2e403daf40,http://pokachi.net/
450b226c6635d354378ba553213cd4fd,http://pride-u-bike.com/2006/09/30/akkymtlator/
1ec519595c7bccee0b0967d2e9901812,http://pride-u-bike.com/2007/06/23/s-tolkacha/
165975a4993b402663c5b686e8da7a69,http://pride-u-bike.com/2007/07/30/doroga-smerti/
d95d2001d580b2ef3bea272b7bca06a0,http://pride-u-bike.com/byzapimoto/
787c48e4a985e7990c1ec4d5981e9368,http://pride-u-bike.com/motorcycle/suzuki-motorcycle/
dca5018da42638d7d9c392460a09bb27,http://pride-u-bike.com/motorcycle/vozdeniye-motorcycle/
94e8b647ca6f7708edac99bc7606d3e5,http://pride-u-bike.com/sell/honda-steed-400-1996/
d0f15f38e5468d0723e01a68748051c1,http://pride-u-bike.com/sell/honda-vfr400r-nc30/
0a0da09c64f7a3dad2cdd27988c044b9,http://quotidiennokoue.com/
eed721ed69b0a0c76b695e0f2cf037ea,http://quotidiennokoue.com/?cat=5
cddbedb8853fccb8d3ae527fe2c25a6e,http://quotidiennokoue.com/?p=558
4838a724a16455261702db0749f44007,http://wp9.ru/
f081e2e3df08fd3f52939765dd3a1694,http://www.sonnoli.com/?page_id=5
a58409e6ce2e6ad3ce81eef2af85f300,http://www.stirparts.ru/
25cd962b9fd099096e8d4fe8cdddfef5,http://www.tiergestuetzt.de/
588325efeea4630bc71a284922aeda4e,http://www.angolotesti.it/J/testi_canzoni_jovanotti_168/testo_canzone_chissa_se_stai_dormendo_9566.html
0f8fc070e2d5263009c70259dedc554e,http://fgawegwr.chez.com/images/1273471091.exe
1f6949769e8b1c85288bb8e1b534887e,http://freeserials.ws/sn/64850.html
d1348deb3682809cb33fcb41079d3955,http://allxscan.tk/ddt/load.php?f=1
4ad4f005678126d8d4043bc26c72a32f,http://pornstarss.tk/ntk/index.php?ID=105828
3906bd8f7c76bde77039b19cff6683e6,http://helesouurusa.cjb.com/land/video.php?l=4:52
859efa97e667615b92e73c053f473289,http://helesouurusa.cjb.com/land/?n=my_loli2
b57976d39cee8b261685797e06158756,http://sudcom.org/tmp/source/pdf.php
7e729cf13c94e328f5e6c0e7891bd752,http://scdsfdfgdr12.tk/go/?afid=51
c0920239d7f95986ad2e6d35c052c3ac,http://scaner-do.tk/go/?afid=51
b50e3d51d5c641f06b8c646a7c037a36,http://scaner-file.tk/go/?afid=51
ac5198a0d1585cf7f33dffd15a420329,http://scaner-figy.tk/go/?afid=51
994dc6c0f0891b05de9a1733a106ba7d,http://ns2ns1.tk/test/index.php
5c20543dfc36e1cc1b341aef24059a01,http://exsexytop.tk/www/index.php
6584e11cf12027181ef1d7e5600f3eac,http://ns2ns1.tk/test/load.php?f=1
a42b126a56d94f115cd429f418a1734c,http://exsexytop.tk/www/load.php?f=1
bac5846416cd3fef612ec938a23ab9cd,http://scaner-sboom.tk/go/?afid=96
d78d7a3e1d5682f03198f82dd8b50b24,http://scaner-sbite.tk/go/?afid=
32b5de7adbd2b474b5968558fec6938b,http://scaner-tfeed.tk/go/?afid=96
8107c8ee2ee52f22eb42e3ff16da50db,http://linkforme.tk/www1/load.php?f=1
9ed3136ffae407e33b71fb6b3b27780f,http://linkforme.tk/www1/index.php
bae660aa578640038702d6be85abee42,http://scaner-tgame.tk/go/?afid=51
3a650c1913404e7b5391350687caa6e0,http://scaner-sdee.tk/go/?afid=51
1cd8e612907e4aeb6945917fb613d288,http://web-fill.tk/go/?afid=51
772e8fe4e0ac15e9a36576601676dc10,http://internet-bb.tk/go/?afid=51
67de47ce8cfa8df074e9ce5c40aea334,http://textsex.tk/str/index.php
fb9c5fafe7ef5cae0c2cc4048b49395f,http://textsex.tk/str/load.php?f=1
f10cf066093e56a3f2823a4371682bd3,http://mbrdot.tk/123/index.php
bb7975669735953f75f9b6787ceb1f53,http://sexyster.tk/lo/index.php
d5a4da80ad00943e9ce551b72ffb35c4,http://mbrdot.tk/123/load.php?f=1
6dc534ea2bb5ff6776d2049d84eba0b5,http://fkhfgfg.tk/123/load.php?file=0
0070a42bef0d203b87614b83e77b19ca,http://sexyster.tk/lo/load.php?f=1
42716a69882934f7fd1d72cb3f09d3d0,http://fkhfgfg.tk/123/load.php?file=1
8f12d0dcf9692727574abd7f7e53e5e1,http://fkhfgfg.tk/123/load.php?file=ftpgrabber
4ad0885def6b9181fc3b9df6b75ebea1,http://fkhfgfg.tk/123/load.php?file=pokergrabber
f7cf257f7cbf64a0daa279a47fe4677f,http://new-address.tk/go/?afid=80
2ddcf2230f4eefe13724b0324e834ecb,http://www.gameangel.com/System/html/js/html.js
a97a1518d565a131d46de87595b0bf42,http://url-cameralist.tk/go/?afid=136
bc8ab613826404e4eb1dbb5d647fb7b1,http://new-softdriver.tk/go/?afid=90
31cb78aa8aac3eeee8b7412d96dfa8cc,http://job-compuse.tk/go/?afid=90
400d7778a6d2707c1bf417d90ce4ed61,http://hosting-controlid1.tk/go/?afid=156
11e2d96200a2ac5758b9e325ede882e2,http://hosting-controlid1.tk/go/?afid=90
86e9d8f2b1156b7c90d6d499028ad6a2,http://hosting-controlpin.tk/go/?afid=51
a8dc4e705638476dd281db0eae7d25b8,http://hosting-controlpr.tk/go/?afid=51
77f1311fcfc9f665a416baad4b70e36e,http://image-circul.tk/go/?afid=51
a682e7dfba8020774717e37c42e183d3,http://job-companybuild.tk/go/?afid=51
745d67bfd03cc11327ac8691890fc105,http://lab-cntest.tk/go/?afid=90
efbdd763d391e4d0a3be91371e934e21,http://infoweb-coolinfo.tk/90/?afid=90
10f79266268b39b033835799f78fbc72,http://alissonluis-musico.sites.uol.com.br/mar.jpg
96564e8693dc34e5fe2dadc60391e0d2,http://wallpapers91.com
ec639b209f6d029c5df6dec17f17c53d,http://vkont.bos.ru
c17926f26b5be61983f4ba67deee4cbf,http://www.widestep.com/files/ws_qk_install.exe
bae8c832fe4a1412b5100594ddbbfc7d,http://seoholding.com/13/overblog
7146158902ec197936bda7ae14731e4f,http://seonetwizard.com/in.cgi?3
848c85349d7adeb2c5ec381e88fac2d3,http://seoholding.com/13/overblog
911ab80ef043c769a9531c672a7bc159,http://crackzone.net/data/Super_Mp3_Download_Version_3.3.4.6_serial_keys_gen-bee3afe71a.html
7ae3f0b67d3056472763ee4ece2131ac,http://seoholding.com/13/boardhost
8974a056ee344d8dfbba77774d100c2e,http://eldiariodeguadalajara.com/153c5f/index.html
44335cd9f254344f2cab59fd25a8dc74,http://aintdoinshit.com/
4634d558594798a8da6aea3863142e70,http://puenteaereo.info/KE3pt5Ye/index.html?s=883
d7eeec27090a8c7a1d440ef48ebfc61c,http://puenteaereo.info/fHA5c5iw/index.html?s=883
b3fbde842d68cb43afd0c862e3548010,http://wetjane.x10.mx/
6470eb48c3df4f9c30824398071a9d7d,http://elew72isst.rr.nu/mm.php?d=x1
a837d0b85ffde472eb29fc7ea1a12240,http://www.perupuntocom.com/claroideas.exe
c192ee3ecf4c862035bd9cb5b78d4dbe,http://tracking-stats-tr.usa.cc/links/convinces_lain_arranges.php
45ff61587de44c3d9ae8bc2ab1fa55f2,http://3.coolerpillow.com/links/landing-philosophy_dry-suspende.php
e49155bb5cdd888696761aaa233de145,http://www.lyzgs.com/track.php?c005
534a5defe5587c8da163f6c4191bce33,http://mlpoint.pt/Scripts/d.html
b032ade58086879446f32b60b8dacc3c,http://gravityexp.com/go.php?sid=12
3e8fdc240b523a34e54dc5a802db99df,http://6.mamaswishes.com/string/obscure-logs-useful.php
83f0138745ff65af1a5309954e5e9959,http://webordermanager.com
6016f9e3bbbeb4dcfa9586d892b5723e,http://videoflyover.com
0bc191b1c46d18cc74716f89cd1c7523,http://cwmgaming.com
7fb27a97c57d75c43b2365e8ce6cdec8,http://www.0uk.net/zaaqw/cs.exe
af811e0946e68f9acf309fc44192b11d,http://mycleanpc.tk/download/
21853f201d8a5191a78e6926ffd77ba8,http://freefblikes.phpnet.us
547d55ec7fe4b795156a5706cda019be,http://youtuhe.com
0cee284f8d5fcdc70b38ada044b2f797,http://youtibe.com
8d882a7857ccc5541e28f2e2b0bfa379,http://sunny99.cholerik.cz/plugins/3yvPRqFJ.php
26ce5310cf914409e508a489a739cb99,http://dl01.faddmr.com/n/e176d94e-d9b7-11e2-a752-00259033c1da/Setup.exe?tid=102dccc4aa5799d2efb748b9dd0e4fFake
224c563b2cf3e9a8ef415a0ce13f86d0,http://dl01.faddmr.com/n/3.0.15.1/9041377/Setup.exe?tid=102dccc4aa5799d2efb748b9dd0e4f
4c63e9590ce95cb059dd0dd588b5de03,http://www.rebeccacella.com/wp-content/plugins/subscribe/
6361fc2e24b3360e8c0766564d640ed9,http://guyscards.com/adobe/
ac3556e3d9d20fd5f1da9ae16362f32a,http://guyscards.com/adobe/update_flash_player.exe
f294b0d2cadfceea27c1394b31b48c72,http://teameda.comcastbiz.net/expanding/index.html
fa3c7b06d0ef002a04c25c892f01abd1,http://www.over50datingservices.com/wp-stc.php
7efc54bde64d960d8439de43b10c1b32,http://teameda.net/tipsier/stuttgart.js
e49233ae68d5eb42da4108aef02b064b,http://bluecutsystem.com/load3.exe
b87351d1e129ea9cec9a9b6bd81ca8ff,http://downloads-whatsapp.com
ecfa729616f1ffb953fd98926007132a,http://downloads-whatsapp.com/whatsapp-for-nokia.php
325eb56344c92316f87a5de382542acd,http://doktester.orgfree.com/styles/jrtXnMPq.php?html=27
fd606673ac6f01f5ecd4f8e0e4a1e7f6,http://europol.europe.eu.france.id647744160-2176514326.h5841.com/?flow_id=8615
4e83a0c06ab3f06bdb7dac80eda8d570,http://europol.europe.eu.id214218540-7444056787.h5841.com/?flow_id=2000
5119c356bab3b6626639a9b632a2b186,http://z7752.com/checkout.php?step=1
18062b5121a9bcab6c0dcdb9d6c44d63,http://mobatory.com/8jxjj7ifv3055xytz5ih3o130iar6rf9
0e0f8725ecbe15600639dd9b93dc6a53,http://mobatory.com/5bj0eswiecc78rvp3egufo5xossn1segz4653xhs4?37o78=46se8http%2F%3F%3Ftrahic.ru%3F6h3m0gs9sgb8vxr70voqj1fa6?
ce54cbb6500492a7b38dcb5f65a45b2e,http://mobatory.com/70i1sxn6q8s86lqb6tfkgdehq
c3da30396724e9bb666c9e77fd7ed64f,http://mobatory.com/7jwgzo2ub186py0imhspqlfoe
db657be8bcf94221d6a3a7768c81823d,http://mobatory.com/5uxfljc5z4s6eacz305ic45h25hq3srib5tc1b51g?j8c=49ljg
82732e8de361601ce3a599842f644aa0,http://d1.kuai8.com/setup/kuai8_zjy.exe
0712407807b1152c0271ba9da3e88426,http://down.guangsu.cn/qdn/setup_qd262.exe
5854615b129c65ff01c67c4a7ae5e1ce,http://www.sj88.com/hezi/jm/s1000.exe
2fb72d8ac2a1f05091cbdc1b934e10cd,http://k.h.a.d.free.fr/pub/utils/oepv.exe
34b999cf54ec100cf24802d734c7b9fa,http://www.feiyang163.com/soft/fySpeaker.exe
8334d4c1c60eb0b01edb9eb67f409998,http://thefxarchive.com/Downloads/WLMM/MMK_Warp_Variations.exe
1ade3138cf9a4e8420a980d0f844a0b5,http://formessengers.com/download.php?PN=MLP
82b1b0c956a9b723c158ed358d23de77,http://files.dsnetwb.com/aTube_Catcher_5188_ATU3.exe
55302848f44133d46f339b8615042aab,http://www.zatzy.com/allmaent/391854-volvos-nya-drive-e.html
00edac0886d3c737006f538b5e592d0a,http://dl.downf468.com/n/3.0.26.2/11975718/ultrasurf+13.03.exe
e7b51ce462357f693dcbf771bc2a66e3,http://dl.downf468.com/n/3.0.25/11999301/Silver+TV+3.0.exe
84b9de090c627d7a7bf9aa38e263839a,http://dl.downf468.com/n/3.0.25/7412352/BTV+Solo.exe
4dd6a9f7d976b5c307acad92b6789bf7,http://dl.downf468.com/n/3.0.26/11433792/Automation+Studio+6.0.exe
6febb33d72c1d24d813194b0a87e7d63,http://dl.downf468.com/n/3.0.26/11649331/Super+Mario+Sunshine+64+1.0.exe
1432a552b55f8de35b6ca115f2b925b8,http://dl.downf468.com/n/3.0.26/12050993/Free+RAR+Extract+Frog.exe
eccaf8463eaa0078f37ed80e762504b0,http://dl.downf468.com/n/3.0.24.1/12015256/Windows+Product+Key+Code+Finder+2.20.exe
9336f527e267dd0a84f30d7e403897d2,http://dl.downf468.com/n/3.0.24.1/12015430/NT+Key+Enterprise+Edition+3.80.exe
b31f3476c3494d6f85bb4859434ab928,http://dl.downf468.com/n/3.0.25/12023961/Microsoft+Hesap+Makinesi++.exe
21ce1ad858c459e7848ad8a7d0408f4f,http://dl.downf468.com/n/3.0.25/4789416/LogiEscalierExpert.exe
c7eb2a41bfc08a64ebd0d89fc7912151,http://dl.downf468.com/n/3.0.26.1/11812852/n5239.exe
ca897e9bc7bd0ae0d7c78855ba0231c3,http://dl.downf468.com/n/3.0.26.1/11358561/notepad+++.exe
020be6f8cf5439033b948b393f9d7b33,http://dl.downf468.com/n/3.0.26.1/11707102/psx0139.exe
c6ae698c85b2c63581bd00d71d178d7e,http://dl.downf468.com/n/3.0.26.1/11707353/psx0046.exe
52c2386dfa8b4cf5c285993fb63d9852,http://dl.downf468.com/n/3.0.26.3/1033/poweriso.exe
5a332d176b7dee189f5767069d6e248f,http://dl.downf468.com/n/3.0.26.3/11431055/dragon+naturally+speaking+9.0.exe
aaa95fcd8e29c02560804f858d39d459,http://dl.downf468.com/n/3.0.26.3/11431361/who+anthro+3.2.2.1.exe
91c93f24e17a0d9ce7b26c9df1efddbb,http://dl.downf468.com/n/3.0.26.3/2269383/roadnav.exe
7f44ab39e78bf9c51fb6ca3482099773,http://dl.downf468.com/n/3.0.26.3/2836178/gambas+a+la+egipcia.exe
64a42cd1bb4eaa61c223e1b5f5c901b0,http://dl.downf468.com/n/3.0.26.3/5345299/vietkey.exe
999868efd1f1c1c61f1dd957255db0ad,http://dl.downf468.com/n/3.0.26.3/5349388/adfender.exe
81bc42b1fb27e6bfc2ca75b0d367549e,http://dl.downf468.com/n/3.0.26.3/5366358/mediaget.exe
29cc10b5f60f993b0618227c1a9edcae,http://dl.downf468.com/n/3.0.26.3/5366255/flv_media_player.exe
128f174ae14c8e85d5d1fee83c79aef9,http://dl.downf468.com/n/3.0.26.3/5830397/matlab.exe
1309ec62c9a026acb2e65d32889b41e1,http://dl.downf468.com/n/3.0.26.3/6445693/calibre.exe
372e8d88ce381db723c4370bbfea0c15,http://dl.downf468.com/n/3.0.26.3/6773557/odin3.exe
35c1c24e00163e8d189bcd62fb3d8546,http://dl.downf468.com/n/3.0.26/11433792/AutomationStudio6.0.exe
5ac90ddfe3bbcaa0a930c9c5c3c29d96,http://dl.downf468.com/n/3.0.26/11649331/SuperMarioSunshine641.0.exe
c74f5642179083d72adfb47d01ccdceb,http://dl.downf468.com/n/3.0.26/12050993/FreeRARExtractFrog.exe
0c842544cb23351b0a5265163ff0b75e,http://dl.downf468.com/n/3.0.25/7412352/BTVSolo.exe
96560bf390f421ef61d182abda29e052,http://dl.downf468.com/n/3.0.24.1/4790826/Handball+Challenge.exe
8727a969b98f74ab94bbc6aaadfc9d68,http://dl.downf468.com/n/3.0.26.3/4812448/pointage+d%E2%80%99heures.exe
224a67a6accaf4b7ad22ef050abedcf3,http://dl.downf468.com/n/3.0.26.3/5347935/wondershare+pdf+to+word.exe
5564168b4198c2ecc6f5887ae49ac454,http://dl.downf468.com/n/3.0.25/11999301/SilverTV3.0.exe
ee471b8fb1b914478f2b3c5f1d447d37,http://dl.downf468.com/n/3.0.24.1/12015256/WindowsProductKeyCodeFinder2.20.exe
c3c21c12866c6b7997564f72ec9ee82e,http://dl.downf468.com/n/3.0.24.1/12015430/NTKeyEnterpriseEdition3.80.exe
22b20265458460e13b2a956133249bec,http://dl.downf468.com/n/3.0.26.2/5331438/FLV_Media_Player.exe=0D=0Ahttp:/grandinstalls.ru/RlpaXhQBAUhBXE1LXQBMW1cDSEdCSwBcWwFJS1pxVkNCEUhHQktxR0oT/torrent/147458862/498349280/torrent.exe=
60b6855d44383f1721891d5fb1af5948,http://dl.downf468.com/n/3.0.26.2/12014376/Setup.exe=0D=0Ahttp:/dl.softpzivrubajjui.net/n/3.0.26.2/5565169/FLVMPlayer.exe=
7cce317518d848d7d6a9ab78ac1be27b,http://dl.downf468.com/n/3.0.26.2/5738856/FLV_Media_Player.exe=0D=0Ahttp:/dl.softpzivrubajjui.net/n/3.0.26.2/10064255/HitmanPro.exe=
788bc851c747a0cea5a7e1718b1e35a8,http://dl.downf468.com/n/3.0.26.2/5738856/FLV_Media_Player.exe=0D=0Ahttp:/dl.softpzivrubajjui.net/n/3.0.26.2/11799286/Opera.exe=
be6dfb3f4f5a63d3d03871f381a29fd1,http://dl.downf468.com/n/3.0.26.2/5785797/FLV_Media_Player.exe=0D=0Ahttp:/dl.softohqimjjedf0jq.net/n/3.0.26.2/5784498/FLV_Media_Player.exe=
b18315b8294cc61c5cbb6cecea8d59b5,http://dl.downf468.com/n/3.0.26.2/5785797/FLV_Media_Player.exe=0D=0Ahttp:/dl.softohqimjjedf0jq.net/n/3.0.26.2/11359629/Stream_Movies_Online.exe=
50441b83d24fef52f9c74adf9d416980,http://dl.downf468.com/n/3.0.26.2/6068293/winrarfree.exe=0D=0Ahttp:/dl.softpzivrubajjui.net/n/3.0.26.2/11717749/Winzip.exe=
bbc5b6bc4fb0079e678ea631b36d983f,http://dl.downf468.com/n/3.0.26/11797512/FLV_Media_Player.exe=0D=0Ahttp:/redtubes.ru/FgoKDkRRURgRDB0bDVAcCwdTGBcSG1AMC1EZGwohBhMSQRgXEhshFxpD/audio/127974014/481402808/toca_toca_radio_edit.exe=
4dd58e045d5c99442be72a5a1b5bde2b,http://dl.downf468.com/n/3.0.26.2/4924888/100-villancicos.exe
5f80aed38ae02166aacfa4330b684d4b,http://dl.downf468.com/n/3.0.26.1/12023961/microsofthesapmakinesi.exe
94fcd1a6aab1250e52046e6ba3a1d1bc,http://dl.downf468.com/n/3.0.26.2/4800574/sculptris.exe
fa12964223e43e5e2a32e26dc4470d37,http://dl.downf468.com/n/3.0.26/5436359/FLV_Media_Player.exe=0D=0Ahttp:/dl01.fabdmr.com/n/3.0.26/6498621/FLV_Media_Player.exe=
76a0cccd9316dc44309ef37cb49dae58,http://dl.downf468.com/n/3.0.26/187807/Utorrent.exe=0D=0Ahttp:/dl01.facdmr.com/n/3.0.26/4993202/Mediaget.exe=
d66d33c9a716ce40602a7e74bf45a9b2,http://dl.downf468.com/n/3.0.26/2105371/AVS_Media_Player.exe=0D=0Ahttp:/dl01.faadmr.com/n/3.0.26/11822316/FLV_Media_Player.exe=
7cd3b6ce4e103f77177126a4437aeab6,http://dl.downf468.com/n/3.0.26/2094912/AVS_Media_Player.exe=0D=0Ahttp:/installsupdater.info/syshost.exe=
9df1c246d538c61b71efa7abd6080957,http://dl.downf468.com/n/3.0.26/5738856/FLV_Media_Player.exe=0D=0Ahttp:/dl.softohqimjjedf0jq.net/n/3.0.26/3484691/SimTractor.exe=
eb2a00c5179c548ca2467e0931be69c2,http://dl.downf468.com/n/3.0.26/2632028/AVS_Media_Player.exe=0D=0Ahttp:/download.multiinstall.com.br/a75e4b51a7dfadaa4b8a88436b76af41/Quadro_1600x1200.exe=
37843865aea693bb4c9771c1f6c0b769,http://dl.downf468.com/n/3.0.26/2105407/AVS_Media_Player.exe=0D=0Ahttp:/dl.softohqimjjedf0jq.net/n/3.0.26/4351718/Vlc_Media_Player.exe=
7d60e523825d7f13a190c5034945cd58,http://dl.downf468.com/n/3.0.26.2/11813765/n0140.exe
de455ad3b815fdec39c87031ab35f0eb,http://dl.downf468.com/n/3.0.26/2105407/AVS_Media_Player.exe=0D=0Ahttp:/tube-city.ru/1MjIzIaTk8/J0c/J0tvPzNnfyM6SzsmT29nI49jTy9LQ093Y48TR0OOPg9XYgQ=3D=3D/torrent/5387708/159507868/download.exe=
e5a095e3dbb62de5765e6827240fc929,http://dl.downf468.com/n/3.0.26/4351718/Vlc_Media_Player.exe=0D=0Ahttp:/dl.softohqimjjedf0jq.net/n/3.0.26/6708421/Ares.exe=
0e804a1fff11aea6e38db3b249766b2f,http://dl.downf468.com/n/3.0.26/6068293/winrarfree.exe=0D=0Ahttp:/dl01.fabdmr.com/n/3.0.26/5034600/J_DOWNLOADER.exe=
9546abfbfc9ff33c11cea86c65290733,http://dl.downf468.com/n/3.0.26.2/11810098/n2018.exe
e68a41994c5426d806123ea28ff8d417,http://dl.downf468.com/n/3.0.26.1/2629037/manual-de-configuraci
c28b523424414ebe9557473e01ffd00b,http://dl.downf468.com/n/3.0.26.2/11853911/Adobe_PDF_Reader.exe=0D=0Ahttp:/dl.softpzivrubajjui.net/n/3.0.26.2/5565169/FLVMPlayer.exe=
44e97f75317b317f6b36a68956e67676,http://dl.downf468.com/n/3.0.26.2/11975718/ultrasurf13.03.exe
b54c1c97d9e76941cd3a8e85e02541d5,http://dl.downf468.com/n/3.0.26.2/4866666/macromedia-freehand.exe
4fd506f27b7243edbe41db1c9f53cd7d,http://dl.downf468.com/n/3.0.26.2/6690540/minecraft1.5.2.exe
02777ce2fdfd13bf562255b69bb255af,http://dl.downf468.com/n/3.0.26.2/5983928/app.exe
8a1d38deb897574aac74d38214f4dc72,http://dl.downf468.com/n/3.0.26/11930758/File_installer.exe=0D=0Ahttp:/dl.downe468.com/n/3.0.26/11928104/Ares.exe=
a6b10c083256d46476a07793c9df93c8,http://dl.downf468.com/n/3.0.26.2/4889139/the-hunter.exe
e60205be058bd9de92a8fc27c3865a86,http://dl.downf468.com/n/3.0.26/11930758/File_installer.exe=0D=0Ahttp:/dl.downf468.com/n/3.0.26/11893495/Update_Code_Generator.exe=
34cd04dc3c40e1941c0e27f9d73a7d28,http://dl.downf468.com/n/3.0.26.2/5570947/mipony.exe
05b0a17fd32b67a3d7705ab5e774f619,http://dl.downf468.com/n/3.0.26/11930758/File_installer.exe=0D=0Ahttp:/dl.softohqimjjedf0jq.net/n/3.0.26/12091048/Skype.exe=
ceae8dec34d21af0a63054b695685da8,http://dl.downf468.com/n/3.0.26/11930758/File_installer.exe=0D=0Ahttp:/dl01.fabdmr.com/n/3.0.26/187807/Utorrent.exe=
07f31e7e57a841eacf748c17a9c04dbb,http://dl.downf468.com/n/3.0.26/11930758/File_installer.exe=0D=0Ahttp:/dl.downf468.com/n/3.0.26/7088851/FLV_Media_Player.exe=
a5cf5c218044e27e634da1eae4d3f7fd,http://dl.downf468.com/n/3.0.25/11810424/n5250.exeo:=
14a8cfabac7b08920ae0fc80e9dc7bc5,http://dl.downf468.com/n/3.0.26.3/11706753/d0005.exe=
b8c657749a0766e28ca515c3ce09079e,http://dl.downf468.com/n/11810692/n5062.exeo:p/o:p=
7c4eb2e5d39bf6bf4b1d6ed2f36fb113,http://dl.downf468.com/n/3.0.25/11706811/psx0109.exe=
dc2ae8f6bc7818dd4217ce117bbe45fe,http://dl.downf468.com/n/3.0.25/11784924/p1232.exeo:=
8cbaf948b60ead98684c8b097c507286,http://dl.downf468.com/n/3.0.25/11560994/d3dx9_31.exe=
f54f471cf76a20d1466927cbaa65bb21,http://dl.downf468.com/n/3.0.26.3/4789537/setup.exe
f107c66b437ba9b09d411b1e90d83b8f,http://dl.downf468.com/n/3.0.26.3/8311230/avast.exe
2d84e832160a49d5b461c768f719bcf3,http://dl.downf468.com/n/3.0.26.3/4812448/pointagedheures.exe
7495b83a141af4634d3e3a5c3d7591a4,http://dl.downf468.com/n/3.0.26.3/5347935/wondersharepdftoword.exe
96799e3ddaa24ca94d49caba00047a41,http://dl.downf468.com/n/3.0.24.1/4790826/HandballChallenge.exe
34fdb2ffed7e3fdc51260c7471e6e78d,http://dl.downf468.com/n/3.0.26.3/11439286/msvcr100.exe
e39bd37b343f9ed55004a5b50fca9afa,http://dl.downf468.com/n/3.0.26.3/3708/teamviewer.exe
51bddfc228f207c0f8b5db45b6fed42f,http://dl.downf468.com/n/3.0.26.3/11442660/d3dx9_43.exe
26df478dbef7d43012d7acb83fbd23f1,http://dl.downf468.com/n/3.0.26.3/11812198/n4250.exe
12ef81b4aecc69b382024fca1c8023b8,http://dl.downf468.com/n/3.0.26.3/11811219/n4911.exe
28c751753938571f23607083d1031994,http://dl.downf468.com/n/3.0.26.3/11970252/skype.exe
37bb66cda23233615156812d9c39ba0b,http://dl.downf468.com/n/3.0.26.3/6654650/alzip.exe
dcdf4be2fee3e99a2ddc973124a70aeb,http://dl.downf468.com/n/3.0.26.3/2836178/gambasalaegipcia.exe
daea4f285fbb9054709923e018a38e0b,http://dl.downf468.com/n/3.0.26.3/11809923/n5574.exe
fc824bd4ad534d2e78c84c3ebe70f111,http://dl.downf468.com/n/3.0.26.3/11707321/psx0026.exe
99ca0b419b099aef7bb8297e43c8bf50,http://dl.downf468.com/n/3.0.26.3/11706755/d0004.exe
a335248eaa8c9c09959e918930e9981e,http://news4cars.com/misc/uip/adobe_flash.exe
a4fc9d3870c656f21d5b17220cbc9db6,http://alisat.biz/1.html
b5c551ec49827b7ef636f72e14ecb7d6,http://advancetec.co.uk/1.html
ca4e8b890feaa55128309437619fb2fd,http://phitenmy.com/1.html
0fcc856afd758fe08ac583bf24cf5223,http://kadman.net/1.html
a5608e0e7b5ba49eb99d32372832c15d,http://treventuresonline.com/1.html
32509f1c4562ee2b2d62f2008a40131d,http://www.bedoc.fr/js/ypSlideOutMenusC.js
dfe08318329f299f15c23ba52f66b266,http://www.cordonnerie-fb.fr/
a6ea9b970740d5379cae3072faa6200c,http://rallye-de-fourmies.com/get_photo.php
f90e528766fa42ed1f485d47619a835e,http://www.les-ptits-dodos.com/
ad510acc2afd83a614de783870992153,http://bien-vivre-en-sarladais.com/index.php?rub=5
cc80eedc182b2726c11ccdfcc4d3e2bf,http://www.village-gabarrier.com/tarifs.htm
e2a85151fecdf63dc6baad87118caa8a,http://www.soskin.eu/index.php?option=com_content
ac1f054198cd648bc0ea7356c70e13e4,http://www.village-gabarrier.com/geo3.htm
e5681d0f956708848da34f7addb13707,http://www.marcilly-le-chatel.fr/js/jquery.ez-bg-resize.js
f7dc0f897a1412a4f417064567dce0a7,http://www.ecoleprincessedeliege.be/includes
614a5d6243d92c19a44992fa71c9f056,http://urban-motorcycles.com
8cc1e72bfc98f3ce37eb393a3f6d7b94,http://emailing.wildcard.fr/
5b3850e631ae657195f057dca41ed71f,http://www.aucoeurdelanature.com/dossier_secrets_quantiques.htm
244c0b1721f201914f7747e932334b0c,http://www.soskin.eu/index.php
375730bf6c190f2a2b2b80a35caf9095,http://tecla-technologies.fr/spip.php
c6e83bdd46a1e56cd652102805841fe0,http://amdfrance.com/index.php
f7e0696598969950b01a4e05f217631a,http://www.toochattoo.com/fond-ecran-anime/chinois1.exe
43861e774aad7969abce0722809f37ea,http://downloads-finereader.ru
1ba494fb2bb8d87d1947fd185a475e4c,http://myvksaver.ru
f7c25564d1c9aa053f26f5b573e907c5,http://vitalityxray.com
bed10437e34832a0003264d838e70a31,http://ru.theswiftones.com/
852e6c8717bc5ab1c9e1f39d88a99420,http://mgfd1b.petrix.net/5i9fh30/?2
3e4820a03cc9c3b3e805e54a99f4e025,http://mgfd1b.petrix.net/5i9fh30/counter.php?fid=2
3f05dcbfd02cedf78058176f37f1ebc2,http://blackfalcon5.net
ae6058fbc0b2f92ab511dfa96ee13794,http://fetishlocator.com
27393e344cb120660c7adf17ec13a224,http://oilwrestlingeurope.com
723ec6a7e157cea319c259658bda28a5,http://www.marss.eu/
0b9e45786fb93646fd953cee0c7b9ff4,http://optilogus.com/twmfizdfmu/lteqwxftti.html
232cbb34f5d89e175866a2f982857c62,http://ciclismovalenciano.com/wcxpcflvbj/ymkmcvpnkh.js
74d62d7f2522a35b480b5bf3e7bb467f,http://isonomia.com.ar/mkyejphtxc/nsjkdqsmto.html
8f3c0d81d68e6ba79c7eeb6c198857cf,http://isonomia.com.ar/vwyryztlkn/nsxiquronl.html
b182a1a4ec0ad3d947edd5a6f0548697,http://coalimpex.com/web/boleto2.jpg
d78016865f9b4ba7fb934f94008b67ff,http://coalimpex.com/web/boleto.jpg
88d85b8bcd92c5a2b9c62223d00152db,http://coalimpex.com/web/bg-02.jpg
eb31e0da9adcd1fc365898aa1c32e504,http://coalimpex.com/web/hot-venda/receita-cliente1.jpg
962cc4e2c956ded0395e1b7c15069e99,http://coalimpex.com/web/hot-venda/receita-cliente.jpg
80d0e8f20e1676b824b373ea1476e9c9,http://coalimpex.com/web/hot-venda/advocacia.jpg
ab922457492b34b71a5823098d3c666c,http://coalimpex.com/web/bo_03.php
abf6bb33f207ccad67e5497e960e0258,http://coalimpex.com/web/pe/advocacia.jpg
5993e5fe846b47ed21291db3ba0f8fe8,http://coalimpex.com/web/bo_02.php
5efe38be55d7d545046545ccc822e20f,http://coalimpex.com/web/bo_01.php
32b0a9b3463797af4952564d04da0cce,http://coalimpex.com/web/hot-venda/hven_04.php
2f36a05743029d70dc4b6219f4a1bd8d,http://coalimpex.com/web/ch_01.php
f38ac26e740cd0aed6cb8165f32d3628,http://coalimpex.com/web/hot-venda/hven_03.php
3ab060971b58acde2cae17c7c8ca7607,http://coalimpex.com/web/hot-venda/hven_02.php
2128083672be5fddcd35ad93acf0df8b,http://coalimpex.com/web/hot-venda/hven_01.php
5130f5b8de2c20f023d729919d231aab,http://coalimpex.com/web/pe/pe_02.php
e4d8cd5359585e99b6e1ef7af15c73e6,http://coalimpex.com/web/re_02.php
8ae06e5f2c8479f74cd89bbda9578a95,http://coalimpex.com/web/pe/pe_01.php
147ba5e84a562159675809d031acca18,http://coalimpex.com/web/pe/ad_04.php
1a799d7e14dd83e9a8089e8c1a1f4135,http://coalimpex.com/web/pe/ad_02.php
5f0cf527decea6bf9e54541a386d444f,http://coalimpex.com/web/pe/ad_03.php
82f21371eeb0cd6be2f9c2ad1716a5a0,http://coalimpex.com/web/pe/ad_01.php
38aeeaa8c664fa53cdf5c489db74011e,http://coalimpex.com/web/serasa/serasa_02.php
d3b2d848545b2b03f88c9027babcb6cd,http://coalimpex.com/web/serasa/serasa_01.php
cb0f696864445f5a5a957ef0e594c6a8,http://ministerio-publi.info/web/boleto2.jpg
ae8c882da7e9ec3d83d1692571852bc1,http://ministerio-publi.info/web/boleto.jpg
09752c2bae163923cccd294115b3433a,http://ministerio-publi.info/web/bg-02.jpg
2cc796c527960516d102e00da8120a16,http://ministerio-publi.info/web/hot-venda/receita-cliente1.jpg
3429af8b6f1db3717ec10aa0358c1bdb,http://ministerio-publi.info/web/hot-venda/receita-cliente.jpg
4c32dd46fc10b2c154ef5d11cab395d1,http://ministerio-publi.info/web/hot-venda/advocacia.jpg
0940260fc40e0dd29be0557924852c9b,http://ministerio-publi.info/web/pe/advocacia.jpg
ce7aaffef18e15102a87ce8ba31720fb,http://ministerio-publi.info/web/bo_03.php
2bf9220f59159dd18400d92f22671293,http://ministerio-publi.info/web/bo_01.php
7f695ad4782868c6413bd63805b9b8d0,http://ministerio-publi.info/web/bo_02.php
f8cb46d03d563373caf41d8fb7a560ef,http://ministerio-publi.info/web/ch_01.php
1ce1cd14ab829c9514e34b10819912f6,http://ministerio-publi.info/web/hot-venda/hven_04.php
4a788472d8b93f0ce080e9b9ea55d38e,http://ministerio-publi.info/web/hot-venda/hven_03.php
09b9ca2df128230405cc0e4cede1cf8d,http://ministerio-publi.info/web/hot-venda/hven_02.php
3d444176490371837b1e6bd88e3340bb,http://ministerio-publi.info/web/hot-venda/hven_01.php
423a080e7c80c8e4201423c4c20425e0,http://ministerio-publi.info/web/re_02.php
22efb22e3c596a231f0e7e7b3f848031,http://ministerio-publi.info/web/pe/pe_02.php
c81e009c89f94232d8f5a4c3ecb20ebe,http://ministerio-publi.info/web/pe/ad_04.php
236692cab80a3f8d8b4c7a03c3661dc1,http://ministerio-publi.info/web/pe/pe_01.php
113cd576051652e0b113bfc53c8a2c0d,http://ministerio-publi.info/web/pe/ad_03.php
165bb1bd8cb62f6cd8bfa15b6c01fdd4,http://ministerio-publi.info/web/pe/ad_02.php
beed77142a945aebe7b779dee3b5a7e3,http://ministerio-publi.info/web/pe/ad_01.php
cc3ad9c96d6994cafce36cc575c8e071,http://ministerio-publi.info/web/serasa/serasa_02.php
a67453ac51c9bce62890b16749012a81,http://ministerio-publi.info/web/serasa/serasa_01.php
2a9f41523ebd06087ec6137b08ffd2c5,http://www.archigate.it/
9c2f8faa9e1361982af20ec4bce37baa,http://www.galileounaluna.com/
49b5fe04372c94ac10d96198fc9ee62f,http://www.vivaimontina.com/
a04ec992acc2eb50fa777817185bef4d,http://www.elisaart.it/
b56becf21e1c4a7d7a1cd8bcffce88c2,http://www.poesiadelsud.it/rende_16_05_07_saggese.htm
0c0f4686f57b68bf9494254732b91517,http://www.poesiadelsud.it/mostra_internazionale_artecont_1.htm
3d1528ca978461c4e9774af148b7ab6f,http://www.poesiadelsud.it/rende_16_05_07_napolillo.htm
82bcd08f54cd8f4225de5fcea4aeba5c,http://www.anticarredodolomiti.com/index.html
8f53cb618e695551808ab1a73ee87099,http://www.gliamicidellunicef.it/skiantos_in_concerto.htm
34dddbaac1801aedb28ddaf4f859ba6c,http://www.milardi.it/corteconti.htm
026a4aed5fda10c450e504641ce62969,http://www.milardi.it/
dce214c4a63cd4f2180324fdc6a0a29b,http://www.bcservice.it/
d526a53662a7ffec4135d9226f682836,http://www.unicaitaly.it/
f1e9b5c3ab05f097f81526eea8985e66,http://www.montacarichi.it/
bcb91f8a1433364e0769eb9dbd14505a,http://www.assculturaleincontri.it/
b9b4d97d82cffd6aff5c9e0b0c99dd72,http://www.ristoromontebasso.it/scripts/menu.js
5d29d736ae5681a20ef7d7c92b811dc0,http://www.3difx.com
1f673b12582f60d1e3b6808501d00be4,http://www.3difx.com/serv010.html
52bebc7ef90dfefce9f5dbdbb74549fe,http://www.chiaperottipaolo.it/
3b2808544e8defc37b84f83e0995c239,http://www.marinoderosas.com/
98f58549269547191ed722ac8e54a604,http://www.riccardochinnici.it/
d97108415fd47f3c5e9696fef0915235,http://www.eivamos.com/rimessaggio/carrelliconver.htm
2186847ddc6f7daa0ed83e60eeb166d9,http://www.catgallery.com/email.htm
c782624a06a04415ce565755e8656c33,http://www.racingandclassic.com/pagineit/race.html
593e943bbca3db173fc38ac89a4c9335,http://www.sbo.it/babylon.html
cc4719739833e9fb781b57079fbea5ed,http://www.aerreravasi.com
e37b9887d277416ce5d3cadce7351150,http://www.arkinsoftware.in/images/aveksynkens.exe
789a997fa336cb2b8ce35265b4443044,http://nkgamers.com/swazi/banalities.exe
f8ffff2710a1c5d1b1309f79d718fa01,http://ms11.net/%7Ecarmine/DHL%20Document.zip
133e7daba9f2022cebf3530326779fda,http://mediatrade.h19.ru/Our
5eb950f8e3f89ca8edf81adee04765e4,http://innatek.com/ListinoPrezzi.zip
d8ab0f15be6540bb90f221c278041581,http://innatek.com/ListinoPrezzi.zip?SEmfjmWrPDXEz
9faa207bd10a6901f924e693655804a0,http://decrolyschool.be/backup/1_1_777.exe
994df6f663df73d587c1c24f6c6feaae,http://americancareconcept.com/modules/webstat/rechnungonline_telekom_rt/2014_05_rechnungonline_8290155236sign.zip
dc9cba2eeab27e7cc2df1bd7a42d2e32,http://strangeduckfilms.com/222
068bfc0a7640e5764c28b3fa4bdd5daa,http://adlock.in/download/371815/file.exe
8aa6b20837a2f1538398cbf52c749b4e,http://arkinsoftware.in/images/nukotobne.exe
59b9e53fea6fa34339ee68766687fea3,http://arkinsoftware.in/images/inexsabit.exe
c3f6ca3c47728abaab5d340355958f82,http://arkinsoftware.in/images/aveksynkens.exe
