filename,probability
DFDCdewgotwlkr_0.ela.png,99.97550845146179
DeepFakeDetectionC2320_13__hugging_happy__C50CSOEX_0.ela.png,0.8074616082012653
VidTIMITLowsa1-video-fdac1_0.ela.png,100.0
FFCRAW168_222_0.ela.png,100.0
VidTIMITHighsx48-video-mdld0_0.ela.png,100.0
FFC23468_470_0.ela.png,100.0
FFC40490_534_0.ela.png,93.17084550857544
FFC23584_823_0.ela.png,100.0
DeepFakeDetectionC4020_15__walking_down_indoor_hall_disgust__CYD62VPP_0.ela.png,100.0
CelebFakeTrainid0_id9_0003_0.ela.png,99.88009929656982
DeepFakeDetectionC2315_12__walking_down_indoor_hall_disgust__RK17XFJ9_1.ela.png,98.00745248794556
FFC40258_246_0.ela.png,99.63895678520203
VidTIMITLowsi2028-video-mdld0_0.ela.png,100.0
FFC40114_102_0.ela.png,54.43456768989563
VidTIMITLowsx9-video-mrgg0_0.ela.png,100.0
VidTIMITLowsi1541-video-mdbb0_0.ela.png,100.0
FFC23015_919_0.ela.png,95.29789686203003
VidTIMITLowsa1-video-mstk0_0.ela.png,100.0
FFCRAW134_192_0.ela.png,53.00048589706421
DFDCdxdsmhjlxz_0.ela.png,99.99947547912598
VidTIMITLowsx4-video-fkms0_0.ela.png,100.0
FFC40644_657_0.ela.png,99.99998807907104
FFC40677_671_0.ela.png,55.74967861175537
DFDCbjkemytibi_0.ela.png,100.0
VidTIMITHighsi1265-video-fjas0_0.ela.png,99.99997615814209
VidTIMITHighsi1746-video-fcmh0_0.ela.png,99.99984502792358
VidTIMITHighsa1-video-mrcz0_0.ela.png,100.0
FFC40106_198_0.ela.png,100.0
FFC23446_667_0.ela.png,100.0
DeepFakeDetectionC2306_12__outside_talking_pan_laughing__3K21NFNM_0.ela.png,92.54409074783325
VidTIMITHighsx8-video-mgwt0_0.ela.png,99.99997615814209
DFDCeihtvotdpv_0.ela.png,1.2814155779778957
FFC23654_648_0.ela.png,99.99994039535522
CelebFakeTrainid1_id20_0007_0.ela.png,99.61848855018616
VidTIMITHighsx403-video-fedw0_0.ela.png,99.99997615814209
VidTIMITHighsi734-video-mstk0_0.ela.png,100.0
VidTIMITLowsx284-video-fjre0_0.ela.png,100.0
CelebFakeTrainid2_id6_0003_0.ela.png,99.92411136627197
CelebFakeTrainid0_id6_0002_0.ela.png,100.0
FFCRAW121_093_0.ela.png,100.0
DeepFakeDetectionC4018_04__walking_outside_cafe_disgusted__6J3ZFEJQ_0.ela.png,1.6139958053827286
FFC40919_015_0.ela.png,99.99918937683105
DFDCcxieujkazw_0.ela.png,99.99990463256836
DFDCbnqruwyerr_0.ela.png,0.06496080895885825
FFC23830_828_0.ela.png,100.0
DeepFakeDetectionC2314_01__outside_talking_still_laughing__01YF7VQM_0.ela.png,0.0012425387467374094
DeepFakeDetectionRAW13_03__exit_phone_room__GBYWJW06_0.ela.png,100.0
CelebFakeTrainid1_id28_0007_0.ela.png,100.0
CelebFakeTrainid2_id0_0007_0.ela.png,99.99983310699463
CelebFakeTrainid2_id9_0003_0.ela.png,100.0
CelebFakeTrainid0_id26_0001_0.ela.png,28.420859575271606
DFDCayyyllijgt_0.ela.png,63.80687355995178
FFCRAW583_558_0.ela.png,3.656056895852089
DeepFakeDetectionC4022_24__walking_and_outside_surprised__XL557XC6_1.ela.png,38.971635699272156
VidTIMITLowsx379-video-mwbt0_0.ela.png,100.0
VidTIMITLowsx275-video-fjas0_0.ela.png,100.0
VidTIMITLowsx49-video-mpdf0_0.ela.png,100.0
DFDCchrlezqnqx_0.ela.png,99.05943870544434
DeepFakeDetectionC2307_26__walk_down_hall_angry__FGNGC2GT_0.ela.png,99.93312358856201
FFCRAW399_488_0.ela.png,100.0
FFC23027_009_0.ela.png,100.0
FFC23168_222_0.ela.png,100.0
DFDCaypdqjxzmu_0.ela.png,51.03420615196228
VidTIMITLowsx279-video-mrgg0_0.ela.png,100.0
FFCRAW883_013_0.ela.png,99.99995231628418
FFCRAW559_543_0.ela.png,97.67594933509827
VidTIMITHighsa2-video-mjsw0_0.ela.png,100.0
DFDCdubwdwysxp_0.ela.png,99.99924898147583
VidTIMITLowsx25-video-mrcz0_0.ela.png,100.0
DeepFakeDetectionC4022_24__outside_talking_still_laughing__XL557XC6_0.ela.png,5.057540535926819
FFCRAW396_272_0.ela.png,100.0
CelebFakeTrainid1_id0_0005_0.ela.png,100.0
DFDCdzjpxmzgqu_0.ela.png,99.99945163726807
DFDCdxbsakroda_0.ela.png,85.28814315795898
VidTIMITLowsa2-video-faks0_0.ela.png,100.0
CelebFakeTrainid1_id16_0000_0.ela.png,100.0
DeepFakeDetectionC2312_14__walk_down_hall_angry__Z7EWFA0P_0.ela.png,98.0932354927063
DeepFakeDetectionC4015_18__walking_down_indoor_hall_disgust__V5VHLCOW_1.ela.png,99.65117573738098
VidTIMITHighsa1-video-fcft0_0.ela.png,100.0
FFC40545_553_0.ela.png,99.99997615814209
FFC40584_823_0.ela.png,99.98096823692322
VidTIMITHighsi1899-video-mrgg0_0.ela.png,99.99836683273315
FFCRAW437_360_0.ela.png,100.0
DFDCcwhgkieoho_0.ela.png,99.9998927116394
DeepFakeDetectionC2304_13__secret_conversation__00T3UYOR_0.ela.png,31.092649698257446
VidTIMITLowsx140-video-fjem0_0.ela.png,100.0
DeepFakeDetectionC4023_24__talking_angry_couch__MDSDXSNU_0.ela.png,99.83497858047485
DFDCdspngapans_0.ela.png,2.5909366086125374
FFC23614_616_0.ela.png,99.99997615814209
DeepFakeDetectionC2327_26__talking_against_wall__IE9N0ZI9_0.ela.png,79.3702483177185
VidTIMITHighsx230-video-fjem0_0.ela.png,100.0
FFCRAW480_389_0.ela.png,92.97788739204407
DeepFakeDetectionC4019_22__outside_talking_pan_laughing__VK6BF5NV_0.ela.png,97.65053987503052
DeepFakeDetectionC4014_20__walking_down_street_outside_angry__3HWOJRAM_0.ela.png,99.95371103286743
FFC23134_192_0.ela.png,99.99998807907104
DeepFakeDetectionC2321_09__walking_outside_cafe_disgusted__J7SQKGUR_0.ela.png,99.99967813491821
FFCRAW611_760_0.ela.png,99.99920129776001
FFCRAW536_540_0.ela.png,99.98639822006226
FFC23529_633_0.ela.png,99.96523857116699
VidTIMITHighsi1279-video-fram1_0.ela.png,100.0
DeepFakeDetectionC4024_22__walking_outside_cafe_disgusted__XL557XC6_0.ela.png,99.51918125152588
VidTIMITLowsa2-video-mrcz0_0.ela.png,100.0
VidTIMITLowsi1543-video-mcem0_0.ela.png,100.0
DFDCaioixdvbzg_0.ela.png,43.96442472934723
DFDCdvaeejmney_0.ela.png,2.263549156486988
DFDCdmrpezpjbz_0.ela.png,4.043465107679367
VidTIMITLowsx372-video-mccs0_0.ela.png,100.0
DFDCcbfumyluwq_0.ela.png,96.1787223815918
FFC23585_599_1.ela.png,3.0400408431887627
FFC23106_198_0.ela.png,5.235178768634796
DFDCanxfbbowrq_0.ela.png,99.12228584289551
VidTIMITLowsx110-video-mmdb1_0.ela.png,100.0
CelebFakeTrainid0_id3_0002_0.ela.png,99.98996257781982
FFCRAW628_568_0.ela.png,54.823100566864014
FFC23469_481_0.ela.png,87.80498504638672
VidTIMITHighsx410-video-fjwb0_0.ela.png,99.997878074646
FFC40249_280_0.ela.png,86.37804388999939
DeepFakeDetectionC2304_07__exit_phone_room__ITC0C48B_0.ela.png,100.0
FFCRAW147_055_0.ela.png,99.9976396560669
FFC40828_830_0.ela.png,95.88438868522644
CelebFakeTrainid2_id0_0006_0.ela.png,86.54146790504456
FFC23261_254_0.ela.png,100.0
CelebFakeTrainid2_id20_0001_0.ela.png,31.10663890838623
CelebFakeTrainid0_id28_0002_0.ela.png,100.0
FFC40771_849_0.ela.png,94.96143460273743
DeepFakeDetectionC4004_13__walking_outside_cafe_disgusted__00T3UYOR_0.ela.png,54.636287689208984
DeepFakeDetectionC2321_14__podium_speech_happy__N0WM4GSV_0.ela.png,100.0
DeepFakeDetectionC2320_18__walking_down_indoor_hall_disgust__8BMQOD7S_0.ela.png,99.85276460647583
CelebFakeTrainid1_id16_0006_0.ela.png,99.99998807907104
DFDCejakkbxnjp_0.ela.png,96.44711017608643
FFC23392_339_0.ela.png,100.0
FFC23812_821_0.ela.png,21.512286365032196
DeepFakeDetectionC2326_06__kitchen_still__L5BVR5L9_0.ela.png,99.92573857307434
FFCRAW192_134_0.ela.png,99.80893731117249
DeepFakeDetectionC2313_14__hugging_happy__KMQ3AW6A_0.ela.png,96.37507796287537
VidTIMITLowsa1-video-fadg0_0.ela.png,99.99992847442627
FFC40952_882_0.ela.png,0.016711630451027304
FFC23849_771_0.ela.png,100.0
FFCRAW434_438_0.ela.png,100.0
DeepFakeDetectionC2301_03__talking_against_wall__JZUXXFRB_0.ela.png,0.025621274835430086
DeepFakeDetectionC2320_06__outside_talking_pan_laughing__6SUW7063_0.ela.png,100.0
DeepFakeDetectionC2303_14__walk_down_hall_angry__P1L5PF4I_0.ela.png,84.60246920585632
CelebFakeTrainid0_id20_0000_0.ela.png,86.72032356262207
VidTIMITHighsx189-video-mrgg0_0.ela.png,100.0
DeepFakeDetectionC4006_25__talking_angry_couch__MI9BDQ7M_0.ela.png,90.72464108467102
FFCRAW446_667_0.ela.png,99.99575614929199
DFDCcfipijcfwt_0.ela.png,0.0061071201344020665
DeepFakeDetectionC2305_08__talking_against_wall__PRBCE28Z_0.ela.png,100.0
FFC40083_213_0.ela.png,99.99688863754272
FFCRAW989_993_0.ela.png,89.97087478637695
DFDCbchbiiqvnv_0.ela.png,99.9576985836029
FFC40993_989_0.ela.png,73.35021495819092
FFC23506_478_0.ela.png,99.99284744262695
VidTIMITHighsa1-video-fedw0_0.ela.png,100.0
VidTIMITLowsi1279-video-fram1_0.ela.png,100.0
DFDCbfrpbogxps_0.ela.png,70.48859596252441
DeepFakeDetectionC2306_18__outside_talking_pan_laughing__DEA1TCLN_0.ela.png,86.60419583320618
FFC40045_889_0.ela.png,100.0
VidTIMITLowsi730-video-fadg0_0.ela.png,100.0
FFC40082_103_0.ela.png,99.99997615814209
FFC40896_128_0.ela.png,99.99970197677612
CelebFakeTrainid1_id21_0000_0.ela.png,99.99784231185913
VidTIMITLowsx216-video-fdac1_0.ela.png,100.0
DeepFakeDetectionC2302_15__talking_against_wall__HTG660F8_0.ela.png,99.99998807907104
VidTIMITLowsa2-video-mrgg0_0.ela.png,100.0
VidTIMITHighsi2099-video-mmdm2_0.ela.png,100.0
DFDCcyvnlbgqlh_0.ela.png,99.99531507492065
DFDCcylqyhypql_0.ela.png,100.0
FFC23516_555_0.ela.png,99.998939037323
VidTIMITLowsa1-video-fjre0_0.ela.png,100.0
FFC40553_545_0.ela.png,99.85190033912659
FFC23969_897_0.ela.png,89.01799321174622
FFCRAW183_253_0.ela.png,99.86131191253662
FFCRAW821_812_0.ela.png,99.55073595046997
CelebFakeTrainid2_id16_0001_0.ela.png,99.9852180480957
VidTIMITHighsx194-video-mstk0_0.ela.png,100.0
VidTIMITHighsx98-video-mgwt0_0.ela.png,100.0
FFC40468_470_0.ela.png,100.0
DeepFakeDetectionC2322_24__walking_and_outside_surprised__XL557XC6_2.ela.png,0.0937976990826428
CelebFakeTrainid1_id37_0000_0.ela.png,99.99357461929321
VidTIMITHighsx295-video-mrcz0_0.ela.png,100.0
VidTIMITHighsi911-video-mdbb0_0.ela.png,100.0
FFCRAW430_459_0.ela.png,100.0
CelebFakeTrainid0_id20_0002_0.ela.png,99.97943043708801
DeepFakeDetectionC4003_14__walk_down_hall_angry__P1L5PF4I_0.ela.png,99.8611569404602
DFDCaxbvacitpc_0.ela.png,85.51815748214722
DeepFakeDetectionC2310_22__kitchen_still__EHARPYBT_0.ela.png,99.99282360076904
FFCRAW679_665_0.ela.png,99.60049986839294
VidTIMITLowsx1625-video-mjsw0_0.ela.png,99.98039603233337
DeepFakeDetectionC4004_01__outside_talking_still_laughing__0XUW13RW_0.ela.png,94.29442286491394
FFC23441_439_0.ela.png,100.0
DeepFakeDetectionC4012_15__kitchen_still__RK17XFJ9_0.ela.png,95.34375667572021
FFCRAW122_144_0.ela.png,99.99998807907104
FFCRAW475_265_0.ela.png,100.0
VidTIMITHighsx13-video-mcem0_0.ela.png,100.0
VidTIMITLowsx203-video-mpgl0_0.ela.png,100.0
FFCRAW096_101_0.ela.png,87.98803091049194
VidTIMITHighsa1-video-mstk0_0.ela.png,100.0
DeepFakeDetectionC2303_18__walking_and_outside_surprised__8HNSXOBW_1.ela.png,99.99237060546875
VidTIMITLowsx214-video-mrjo0_0.ela.png,100.0
DFDCcmffdywyev_0.ela.png,99.98520612716675
FFC23657_644_0.ela.png,100.0
DeepFakeDetectionC4027_01__walking_and_outside_surprised__S2YCUY48_1.ela.png,15.426614880561829
DeepFakeDetectionC2326_25__walking_down_street_outside_angry__PQ41U3IJ_0.ela.png,93.33478212356567
DFDCdaxkdccqcp_0.ela.png,28.07081937789917
VidTIMITLowsx20-video-mmdb1_0.ela.png,100.0
DeepFakeDetectionC2312_13__podium_speech_happy__N8IGC93J_0.ela.png,99.99746084213257
VidTIMITLowsx289-video-mwbt0_0.ela.png,100.0
CelebFakeTrainid0_id2_0004_0.ela.png,0.0012448266716091894
DeepFakeDetectionC2303_01__walking_and_outside_surprised__JZUXXFRB_1.ela.png,15.03141075372696
DFDCccsgbkccgk_0.ela.png,100.0
VidTIMITLowsi1566-video-fcft0_0.ela.png,100.0
CelebFakeTrainid0_id23_0001_0.ela.png,99.94052648544312
CelebFakeTrainid2_id20_0000_0.ela.png,99.88517761230469
DFDCbsifdjkipn_0.ela.png,94.40981149673462
DFDCarpjjrnpzm_0.ela.png,3.1964831054210663
DeepFakeDetectionC2304_18__kitchen_still__NAXINA1N_0.ela.png,100.0
FFCRAW672_720_0.ela.png,99.99985694885254
VidTIMITLowsx293-video-mpgl0_0.ela.png,100.0
VidTIMITHighsx216-video-fcmh0_0.ela.png,99.99995231628418
DeepFakeDetectionC4024_19__walking_outside_cafe_disgusted__GNHYZ84G_0.ela.png,99.54408407211304
VidTIMITLowsa1-video-mjsw0_0.ela.png,100.0
FFC40375_251_0.ela.png,92.54853129386902
VidTIMITLowsx14-video-mstk0_0.ela.png,100.0
DeepFakeDetectionC4014_13__walk_down_hall_angry__KMQ3AW6A_0.ela.png,20.056557655334473
FFCRAW556_588_0.ela.png,100.0
FFCRAW272_396_0.ela.png,100.0
DeepFakeDetectionC4017_08__talking_against_wall__QOX5NWIJ_0.ela.png,100.0
CelebFakeTrainid0_id3_0005_0.ela.png,100.0
CelebFakeTrainid0_id28_0008_0.ela.png,99.77189898490906
CelebFakeTrainid0_id23_0007_0.ela.png,99.99797344207764
DeepFakeDetectionC4024_19__kitchen_pan__QD5K7BP2_0.ela.png,0.11086857412010431
FFC40657_644_0.ela.png,96.50971293449402
DeepFakeDetectionC4010_22__outside_talking_pan_laughing__G48B2EQ2_0.ela.png,0.6458597723394632
VidTIMITLowsx192-video-mccs0_0.ela.png,100.0
FFCRAW097_033_0.ela.png,97.26400375366211
DFDCdibecibgso_0.ela.png,99.94514584541321
FFCRAW834_852_0.ela.png,100.0
DeepFakeDetectionC4001_03__talking_against_wall__JZUXXFRB_0.ela.png,3.0044924467802048
VidTIMITLowsa1-video-mrgg0_0.ela.png,100.0
CelebFakeTrainid0_id28_0004_0.ela.png,0.11405402328819036
FFC23852_834_0.ela.png,63.461291790008545
DFDCbezccrfklu_0.ela.png,4.594879224896431
FFC40284_263_0.ela.png,97.93859124183655
DFDCbphdpclagl_0.ela.png,19.878259301185608
VidTIMITLowsa2-video-fjwb0_0.ela.png,100.0
VidTIMITHighsa1-video-mjsw0_0.ela.png,99.95906949043274
DFDCdxrkuldqkx_0.ela.png,1.709558628499508
CelebFakeTrainid1_id3_0001_0.ela.png,100.0
DeepFakeDetectionC2314_15__kitchen_pan__RF38N10R_0.ela.png,99.98342990875244
DeepFakeDetectionC4025_02__walking_outside_cafe_disgusted__Z7FQ69VP_0.ela.png,4.2124539613723755
VidTIMITHighsi844-video-felc0_0.ela.png,100.0
DeepFakeDetectionC4009_03__kitchen_pan__8DTEGQ54_0.ela.png,99.99995231628418
FFC40150_153_0.ela.png,100.0
VidTIMITHighsa1-video-mjar0_0.ela.png,99.98995065689087
DeepFakeDetectionC2303_07__walking_outside_cafe_disgusted__IFSURI9X_0.ela.png,77.87065505981445
DFDCbcujkpycpa_0.ela.png,22.608467936515808
CelebFakeTrainid1_id4_0006_0.ela.png,99.99942779541016
FFCRAW959_957_0.ela.png,99.99945163726807
FFC40811_920_0.ela.png,99.91284012794495
DeepFakeDetectionC2304_21__walking_down_street_outside_angry__5Y31RZP8_0.ela.png,100.0
VidTIMITLowsx191-video-mdbb0_0.ela.png,98.54562878608704
VidTIMITLowsi2247-video-mgwt0_0.ela.png,100.0
DeepFakeDetectionC2320_25__outside_talking_still_laughing__M786RTSM_0.ela.png,0.2549941884353757
VidTIMITHighsx304-video-felc0_0.ela.png,100.0
DFDCdcsxzweyxl_0.ela.png,1.7998462542891502
DeepFakeDetectionC4015_02__walking_outside_cafe_disgusted__P2FAY3DR_0.ela.png,99.91801381111145
FFC23968_884_0.ela.png,99.38084483146667
FFC40465_482_0.ela.png,99.78753328323364
FFCRAW615_687_0.ela.png,100.0
VidTIMITLowsi1640-video-mmdb1_0.ela.png,100.0
FFC40568_628_0.ela.png,99.99953508377075
DFDCcjzfkfvfwv_0.ela.png,100.0
FFC40521_517_0.ela.png,99.94112253189087
FFC40420_257_0.ela.png,99.87159967422485
FFC23087_081_0.ela.png,99.97596144676208
CelebFakeTrainid1_id9_0002_0.ela.png,99.99552965164185
CelebFakeTrainid2_id1_0000_0.ela.png,99.7875452041626
DeepFakeDetectionC2306_25__talking_angry_couch__MI9BDQ7M_0.ela.png,78.67217659950256
FFC40981_985_0.ela.png,94.5294737815857
CelebFakeTrainid0_id1_0003_0.ela.png,46.78717851638794
VidTIMITHighsa1-video-fram1_0.ela.png,99.46194887161255
DFDCbuefgtjncu_0.ela.png,9.534213691949844
DFDCcddlvnkhzo_0.ela.png,8.529894798994064
VidTIMITLowsi912-video-mdab0_0.ela.png,100.0
DeepFakeDetectionC4001_02__outside_talking_still_laughing__YVGY8LOK_0.ela.png,1.8527815118432045
VidTIMITHighsx94-video-fkms0_0.ela.png,100.0
DeepFakeDetectionC4026_06__podium_speech_happy__L5BVR5L9_0.ela.png,99.9923586845398
FFC40989_993_0.ela.png,98.57614040374756
FFC23175_159_0.ela.png,14.870177209377289
VidTIMITHighsx5-video-mjsw0_0.ela.png,100.0
FFC40924_917_0.ela.png,100.0
DeepFakeDetectionC4014_21__walking_and_outside_surprised__N0WM4GSV_1.ela.png,100.0
VidTIMITLowsx383-video-mpgl0_0.ela.png,100.0
CelebFakeTrainid0_id6_0001_0.ela.png,15.419600903987885
FFC23668_664_0.ela.png,99.59827661514282
CelebFakeTrainid1_id30_0005_0.ela.png,100.0
DeepFakeDetectionC4018_27__kitchen_still__NYHE8D0J_0.ela.png,0.03505044151097536
FFCRAW885_802_0.ela.png,28.742298483848572
FFC23661_670_0.ela.png,99.62097406387329
VidTIMITHighsx313-video-fedw0_0.ela.png,99.85339641571045
DeepFakeDetectionC2313_12__secret_conversation__6G44TDN4_0.ela.png,0.5473182071000338
FFCRAW651_835_0.ela.png,100.0
VidTIMITHighsx214-video-felc0_0.ela.png,100.0
DeepFakeDetectionC2311_18__walking_outside_cafe_disgusted__R1NMCHKG_0.ela.png,67.87320971488953
DeepFakeDetectionC4024_23__walking_down_street_outside_angry__YR5OVD4S_0.ela.png,98.95074963569641
VidTIMITHighsx282-video-mdab0_0.ela.png,100.0
FFC23121_093_0.ela.png,99.99818801879883
VidTIMITHighsa2-video-fadg0_0.ela.png,100.0
FFCRAW576_155_0.ela.png,100.0
DFDCdeulvodsky_0.ela.png,52.20268368721008
VidTIMITHighsx193-video-mcem0_0.ela.png,100.0
VidTIMITHighsx109-video-mwbt0_0.ela.png,100.0
DeepFakeDetectionC4027_02__walk_down_hall_angry__FV8M8O2C_0.ela.png,99.88221526145935
FFCRAW102_114_0.ela.png,5.57669885456562
FFC40139_130_0.ela.png,98.75498414039612
CelebFakeTrainid2_id16_0002_0.ela.png,100.0
DFDCdxqfbfaepi_1.ela.png,2.3840371519327164
DeepFakeDetectionC4020_25__walk_down_hall_angry__DW2L6D2V_0.ela.png,100.0
FFCRAW241_210_0.ela.png,100.0
FFC23794_779_0.ela.png,100.0
FFC40884_968_0.ela.png,3.9851177483797073
FFCRAW128_896_0.ela.png,99.81696605682373
VidTIMITLowsi2149-video-fcft0_0.ela.png,100.0
DFDCblfwchaqbd_0.ela.png,99.99861717224121
FFCRAW942_943_0.ela.png,100.0
CelebFakeTrainid2_id3_0004_0.ela.png,99.42487478256226
DeepFakeDetectionC4009_02__walking_down_street_outside_angry__9TDCEK1Q_0.ela.png,99.9040424823761
FFC23083_213_0.ela.png,100.0
CelebFakeTrainid2_id16_0009_0.ela.png,96.7074453830719
FFC40737_719_0.ela.png,99.99998807907104
VidTIMITLowsx364-video-faks0_0.ela.png,99.99845027923584
VidTIMITHighsx284-video-fcft0_0.ela.png,100.0
CelebFakeTrainid1_id6_0009_0.ela.png,99.97571110725403
FFC40959_957_0.ela.png,94.7162926197052
DeepFakeDetectionC2301_03__podium_speech_happy__480LQD1C_0.ela.png,100.0
VidTIMITLowsi2270-video-mmdb1_0.ela.png,100.0
DFDCdveiawavsq_0.ela.png,0.18068932695314288
VidTIMITLowsx394-video-felc0_0.ela.png,100.0
FFC40289_228_0.ela.png,99.98620748519897
DFDCdxtzxqglyg_0.ela.png,9.055814146995544
FFCRAW550_452_0.ela.png,97.69708514213562
FFC40446_667_0.ela.png,99.6767520904541
CelebFakeTrainid0_id9_0001_0.ela.png,72.24208116531372
FFC23155_576_0.ela.png,17.921002209186554
DFDCczpdfuloey_0.ela.png,99.99984502792358
CelebFakeTrainid0_id2_0009_0.ela.png,99.99058246612549
DeepFakeDetectionC2306_04__walking_outside_cafe_disgusted__ZK95PQDE_0.ela.png,99.82886910438538
CelebFakeTrainid1_id0_0003_0.ela.png,99.99998807907104
VidTIMITLowsi1178-video-fdrd1_0.ela.png,100.0
FFC40299_145_0.ela.png,100.0
VidTIMITLowsa1-video-mrcz0_0.ela.png,100.0
DFDCdkormeyalv_0.ela.png,95.07741332054138
DeepFakeDetectionC4019_23__kitchen_pan__WHQ1229T_0.ela.png,99.90276098251343
DeepFakeDetectionC4024_10__walking_down_street_outside_angry__356HPS7R_0.ela.png,99.75473284721375
VidTIMITHighsa2-video-fjas0_0.ela.png,99.99998807907104
FFC40698_693_0.ela.png,64.94143009185791
VidTIMITLowsi2104-video-felc0_0.ela.png,100.0
FFC40062_066_0.ela.png,25.68301260471344
VidTIMITHighsx98-video-fdrd1_0.ela.png,100.0
FFCRAW178_598_0.ela.png,20.901648700237274
FFC40376_381_0.ela.png,99.99972581863403
CelebFakeTrainid1_id23_0002_0.ela.png,99.99998807907104
FFC23882_952_0.ela.png,92.6659345626831
DeepFakeDetectionC4004_18__kitchen_still__NAXINA1N_0.ela.png,99.98730421066284
FFC23762_832_0.ela.png,99.99526739120483
FFCRAW083_213_0.ela.png,99.99997615814209
FFCRAW468_470_0.ela.png,94.50081586837769
DFDCdlabmdtxzx_0.ela.png,99.96607303619385
VidTIMITHighsi1829-video-msjs1_0.ela.png,99.99994039535522
FFCRAW055_147_0.ela.png,99.99997615814209
VidTIMITHighsa1-video-mgwt0_0.ela.png,100.0
FFCRAW779_794_0.ela.png,99.68119263648987
FFC23381_376_0.ela.png,100.0
CelebFakeTrainid0_id9_0008_0.ela.png,45.09522318840027
FFC23114_102_0.ela.png,99.9968409538269
FFC40469_481_0.ela.png,24.14894998073578
FFC40812_821_0.ela.png,37.78880834579468
VidTIMITLowsi1746-video-fcmh0_0.ela.png,100.0
DeepFakeDetectionC4006_14__walking_and_outside_surprised__8U9ULZDT_0.ela.png,99.95262622833252
DeepFakeDetectionC2320_18__walking_down_indoor_hall_disgust__8BMQOD7S_1.ela.png,99.9993085861206
VidTIMITLowsa1-video-fdrd1_0.ela.png,100.0
VidTIMITLowsi1039-video-mpdf0_0.ela.png,100.0
FFC40609_596_0.ela.png,99.97207522392273
FFC23112_892_0.ela.png,100.0
DeepFakeDetectionC2327_01__walking_and_outside_surprised__S2YCUY48_1.ela.png,2.2558269563432987e-05
VidTIMITHighsa1-video-fdrd1_0.ela.png,99.99970197677612
VidTIMITLowsa2-video-fedw0_0.ela.png,100.0
FFCRAW960_999_0.ela.png,99.46803450584412
VidTIMITLowsi1425-video-mccs0_0.ela.png,100.0
FFCRAW832_762_0.ela.png,100.0
DeepFakeDetectionC4007_12__outside_talking_still_laughing__0VN0A2T3_0.ela.png,0.9978415444493294
VidTIMITHighsi869-video-mrgg0_0.ela.png,96.9170331954956
FFC40965_948_0.ela.png,99.99979734420776
VidTIMITLowsi1199-video-msjs1_0.ela.png,100.0
FFC23066_062_0.ela.png,46.75858020782471
DFDCbcuyvoqfms_0.ela.png,42.43881106376648
DFDCawvzwnorqc_0.ela.png,99.59547519683838
FFC40542_520_0.ela.png,100.0
VidTIMITLowsi1364-video-mstk0_0.ela.png,100.0
VidTIMITLowsx279-video-mjar0_0.ela.png,99.96732473373413
FFC23430_459_0.ela.png,0.2799522364512086
DeepFakeDetectionC4004_07__exit_phone_room__ITC0C48B_0.ela.png,87.50246167182922
VidTIMITLowsa2-video-felc0_0.ela.png,100.0
FFC40455_471_0.ela.png,100.0
FFCRAW109_107_0.ela.png,100.0
FFC40101_096_0.ela.png,99.99998807907104
FFC40434_438_0.ela.png,97.7863073348999
DeepFakeDetectionC2325_02__walking_outside_cafe_disgusted__Z7FQ69VP_0.ela.png,50.79610347747803
DFDCagnhouokqg_0.ela.png,93.4138834476471
DeepFakeDetectionC2317_16__walk_down_hall_angry__P141P1QH_0.ela.png,99.78083968162537
FFCRAW712_716_0.ela.png,100.0
FFCRAW849_771_0.ela.png,99.99997615814209
VidTIMITHighsi995-video-mjsw0_0.ela.png,99.99991655349731
FFC23098_092_0.ela.png,99.99997615814209
VidTIMITLowsx365-video-fjas0_0.ela.png,99.97692704200745
DeepFakeDetectionC4026_12__exit_phone_room__HEKDCIHW_0.ela.png,26.055720448493958
CelebFakeTrainid1_id30_0002_0.ela.png,100.0
CelebFakeTrainid0_id2_0008_0.ela.png,99.61750507354736
DeepFakeDetectionC2307_14__talking_against_wall__P9QFO50U_0.ela.png,25.37919282913208
DeepFakeDetectionC4006_12__outside_talking_pan_laughing__3K21NFNM_0.ela.png,0.7457755971699953
FFC40066_062_0.ela.png,99.99963045120239
FFC23093_121_0.ela.png,96.28820419311523
FFC40175_159_0.ela.png,99.44270849227905
FFCRAW246_258_0.ela.png,100.0
FFC40942_943_0.ela.png,99.98914003372192
DeepFakeDetectionC2304_01__exit_phone_room__0XUW13RW_0.ela.png,99.99998807907104
DeepFakeDetectionC4019_10__exit_phone_room__IDX76N5R_0.ela.png,98.67948889732361
FFC23198_106_0.ela.png,83.7045669555664
FFC40213_083_0.ela.png,99.97506737709045
FFC23951_947_0.ela.png,67.93994307518005
DeepFakeDetectionC2303_18__walking_outside_cafe_disgusted__22UBC0BS_0.ela.png,1.9630266353487968
VidTIMITLowsx396-video-fdac1_0.ela.png,100.0
VidTIMITHighsx104-video-mstk0_0.ela.png,99.99452829360962
FFC40731_741_0.ela.png,99.50990080833435
FFC23671_677_0.ela.png,99.99979734420776
DFDCeejkfqcfzb_1.ela.png,36.7150217294693
DeepFakeDetectionC4015_12__walking_down_indoor_hall_disgust__RK17XFJ9_0.ela.png,99.99966621398926
VidTIMITHighsi2203-video-fedw0_0.ela.png,100.0
FFCRAW265_475_0.ela.png,99.99985694885254
DeepFakeDetectionC4027_02__podium_speech_happy__XFSH3BW7_0.ela.png,3.3761415630578995
CelebFakeTrainid2_id17_0008_0.ela.png,100.0
FFC40534_490_0.ela.png,6.4058102667331696
CelebFakeTrainid0_id20_0006_0.ela.png,7.846912741661072
FFC23628_568_0.ela.png,94.04304027557373
DeepFakeDetectionC4014_03__exit_phone_room__KJ221YN0_0.ela.png,3.8509059697389603
FFCRAW289_228_0.ela.png,0.036669333348982036
FFC23062_066_0.ela.png,98.00728559494019
VidTIMITHighsx188-video-mgwt0_0.ela.png,100.0
FFCRAW438_434_0.ela.png,98.72649908065796
DFDCebdfapkiyf_0.ela.png,95.4168438911438
DFDCazuvbfzeae_0.ela.png,96.7843770980835
FFC23952_882_0.ela.png,0.44674770906567574
CelebFakeTrainid0_id4_0006_0.ela.png,88.40694427490234
FFC23288_321_0.ela.png,99.9510407447815
VidTIMITHighsa2-video-mpgl0_0.ela.png,99.99994039535522
DeepFakeDetectionC2303_11__exit_phone_room__P08VGHTA_0.ela.png,100.0
CelebFakeTrainid1_id31_0002_0.ela.png,99.9984622001648
VidTIMITLowsi1116-video-fcmh0_0.ela.png,100.0
DeepFakeDetectionC4026_09__talking_against_wall__C3K20JOL_0.ela.png,99.6887743473053
FFC40257_420_0.ela.png,92.95926690101624
DFDCaxvzfkzeyb_0.ela.png,91.48123860359192
DeepFakeDetectionC2323_24__talking_angry_couch__MDSDXSNU_0.ela.png,55.62098026275635
VidTIMITLowsi1624-video-mstk0_0.ela.png,100.0
FFC40517_521_0.ela.png,99.51955676078796
DeepFakeDetectionC4009_18__outside_talking_pan_laughing__3VP8836C_0.ela.png,0.05559590645134449
DFDCefinthqyej_0.ela.png,99.99895095825195
DFDCduypdwrwxl_0.ela.png,72.40044474601746
DeepFakeDetectionC2304_13__walking_down_street_outside_angry__00T3UYOR_0.ela.png,99.99797344207764
FFC23677_671_0.ela.png,98.94713163375854
VidTIMITLowsa1-video-fkms0_0.ela.png,99.99997615814209
DFDCdojnabaoug_0.ela.png,98.71370792388916
DeepFakeDetectionC2314_21__exit_phone_room__IRKML4J0_0.ela.png,99.99974966049194
DeepFakeDetectionC2306_18__podium_speech_happy__DEA1TCLN_0.ela.png,99.95875954627991
VidTIMITHighsi1714-video-faks0_0.ela.png,100.0
CelebFakeTrainid1_id20_0006_0.ela.png,99.99994039535522
DeepFakeDetectionC2301_27__hugging_happy__ZYCZ30C0_0.ela.png,14.391303062438965
VidTIMITHighsx185-video-mjsw0_0.ela.png,99.99871253967285
DeepFakeDetectionC4014_01__outside_talking_still_laughing__01YF7VQM_0.ela.png,46.25996649265289
CelebFakeTrainid0_id1_0006_0.ela.png,99.94506239891052
VidTIMITLowsx5-video-fjas0_0.ela.png,100.0
VidTIMITLowsa2-video-fkms0_0.ela.png,100.0
VidTIMITHighsi1199-video-msjs1_0.ela.png,100.0
DFDCbpsstiiuzp_0.ela.png,99.54441785812378
FFC40399_488_0.ela.png,99.99713897705078
DeepFakeDetectionC2320_25__walking_down_street_outside_angry__ZG0SRZOA_0.ela.png,99.99655485153198
FFC23599_585_0.ela.png,99.97969269752502
CelebFakeTrainid1_id6_0005_0.ela.png,100.0
CelebFakeTrainid2_id6_0005_0.ela.png,100.0
VidTIMITLowsi1669-video-mpdf0_0.ela.png,100.0
DFDCapxabvufkh_0.ela.png,0.41947378776967525
FFCRAW564_971_0.ela.png,99.99839067459106
DFDCdiuzlanscs_0.ela.png,73.59108328819275
DeepFakeDetectionC4002_15__talking_against_wall__HTG660F8_0.ela.png,60.40188670158386
VidTIMITLowsx209-video-msjs1_0.ela.png,100.0
FFC40098_092_0.ela.png,100.0
FFC40794_779_0.ela.png,100.0
FFC40479_706_0.ela.png,99.38932657241821
DeepFakeDetectionC2311_04__talking_angry_couch__JRQWOV1G_0.ela.png,100.0
DeepFakeDetectionC2312_21__talking_against_wall__J54W3PV1_0.ela.png,97.89167642593384
FFC23092_098_0.ela.png,54.42761182785034
DFDCasdwfaumck_0.ela.png,71.82278037071228
DeepFakeDetectionC2321_09__walking_outside_cafe_disgusted__JEELOMN2_0.ela.png,100.0
VidTIMITHighsa2-video-mstk0_0.ela.png,100.0
DFDCeenzjiaonh_0.ela.png,43.411076068878174
DeepFakeDetectionC4012_06__walk_down_hall_angry__3K21NFNM_0.ela.png,22.00077623128891
VidTIMITHighsx380-video-mmdb1_0.ela.png,99.99202489852905
CelebFakeTrainid0_id26_0007_0.ela.png,100.0
FFC40816_649_0.ela.png,99.99752044677734
VidTIMITLowsa1-video-fcmh0_0.ela.png,100.0
DeepFakeDetectionC4012_21__talking_against_wall__J54W3PV1_0.ela.png,98.33266139030457
FFC23683_607_0.ela.png,99.99983310699463
VidTIMITHighsi1808-video-fdrd1_0.ela.png,100.0
FFCRAW990_008_0.ela.png,100.0
VidTIMITHighsx184-video-fkms0_0.ela.png,100.0
FFCRAW284_263_0.ela.png,99.83100891113281
CelebFakeTrainid2_id4_0007_0.ela.png,100.0
DFDCcguosbcyvw_0.ela.png,1.3608976267278194
DeepFakeDetectionC4020_06__outside_talking_pan_laughing__6SUW7063_0.ela.png,99.99998807907104
FFC23434_438_0.ela.png,99.9524474143982
VidTIMITLowsx385-video-mrcz0_0.ela.png,100.0
FFC23633_529_0.ela.png,99.99723434448242
VidTIMITHighsx95-video-fjas0_0.ela.png,99.99979734420776
FFCRAW046_904_0.ela.png,99.99996423721313
DeepFakeDetectionC2306_25__walking_and_outside_surprised__MI9BDQ7M_0.ela.png,99.47027564048767
DeepFakeDetectionC2304_01__kitchen_still__6I623VU9_0.ela.png,99.9998688697815
VidTIMITLowsx98-video-mgwt0_0.ela.png,99.9996542930603
FFC23635_642_0.ela.png,100.0
DeepFakeDetectionC2302_15__talking_angry_couch__I8G2LWD1_0.ela.png,94.29663419723511
CelebFakeTrainid0_id28_0001_0.ela.png,18.92026960849762
FFCRAW144_122_0.ela.png,98.69850277900696
FFC23284_263_0.ela.png,99.98440742492676
CelebFakeTrainid2_id16_0003_0.ela.png,99.88910555839539
DeepFakeDetectionC2307_02__talking_angry_couch__1H07DFQJ_0.ela.png,99.38439130783081
CelebFakeTrainid1_id35_0000_0.ela.png,99.97267127037048
VidTIMITHighsi2284-video-mrjo0_0.ela.png,100.0
FFCRAW668_664_0.ela.png,100.0
DFDCckkcdaqwkh_0.ela.png,4.168887063860893
CelebFakeTrainid1_id0_0006_0.ela.png,99.97292160987854
VidTIMITLowsx223-video-fedw0_0.ela.png,99.99600648880005
DFDCbnthgqolpp_0.ela.png,92.6797866821289
DeepFakeDetectionC4026_03__walk_down_hall_angry__WBSXBL82_0.ela.png,99.9601662158966
FFCRAW677_671_0.ela.png,99.99992847442627
VidTIMITHighsa1-video-fjas0_0.ela.png,100.0
FFC23644_657_0.ela.png,100.0
FFC23399_488_0.ela.png,100.0
VidTIMITLowsx126-video-fdac1_0.ela.png,100.0
FFC40668_664_0.ela.png,100.0
CelebFakeTrainid2_id16_0008_0.ela.png,99.99997615814209
DFDCdxqfbfaepi_0.ela.png,88.19142580032349
FFC23817_827_0.ela.png,99.99998807907104
VidTIMITHighsx100-video-fadg0_0.ela.png,99.99997615814209
FFC40672_720_0.ela.png,99.9144434928894
FFC40712_716_0.ela.png,95.43930292129517
FFC23252_266_0.ela.png,99.94390606880188
CelebFakeTrainid1_id37_0005_0.ela.png,99.89715814590454
FFCRAW673_728_1.ela.png,20.41928917169571
VidTIMITLowsa2-video-mstk0_0.ela.png,100.0
DFDCbpolvgzrqa_0.ela.png,5.543996021151543
VidTIMITHighsx228-video-mdld0_0.ela.png,100.0
FFC40564_971_0.ela.png,97.85966873168945
DFDCceugcydpgb_0.ela.png,0.07416539010591805
DeepFakeDetectionC4014_13__talking_angry_couch__KMQ3AW6A_0.ela.png,23.1792151927948
FFC23481_469_0.ela.png,100.0
DFDCadmyveomqu_0.ela.png,65.02066254615784
FFC40633_529_0.ela.png,99.79932308197021
FFC23929_962_0.ela.png,92.71270036697388
VidTIMITLowsi2120-video-fjem0_0.ela.png,100.0
FFC23377_333_0.ela.png,100.0
DeepFakeDetectionC2328_08__exit_phone_room__KXO8S7OP_0.ela.png,99.95315074920654
DFDCblzskoyaav_0.ela.png,99.96525049209595
DFDCckoznaxcps_0.ela.png,99.93487000465393
DFDCdxdlugvuta_0.ela.png,90.1120662689209
CelebFakeTrainid2_id4_0009_0.ela.png,99.99147653579712
CelebFakeTrainid0_id16_0009_0.ela.png,78.12696695327759
CelebFakeTrainid2_id3_0009_0.ela.png,100.0
FFC23779_794_0.ela.png,86.8381142616272
DeepFakeDetectionC4020_14__outside_talking_pan_laughing__R7SPX6OK_0.ela.png,27.22526490688324
DeepFakeDetectionC2315_02__walking_outside_cafe_disgusted__P2FAY3DR_0.ela.png,99.40913319587708
VidTIMITHighsx9-video-mrgg0_0.ela.png,100.0
VidTIMITLowsx229-video-mpdf0_0.ela.png,100.0
CelebFakeTrainid0_id17_0003_0.ela.png,99.91084933280945
FFC23044_945_0.ela.png,100.0
VidTIMITHighsx281-video-mdbb0_0.ela.png,100.0
DFDCdzsbwuvwhm_0.ela.png,18.470406532287598
FFCRAW359_317_0.ela.png,99.60981607437134
FFC23878_866_0.ela.png,99.99994039535522
DFDCablakozzyi_0.ela.png,0.9356734342873096
FFC23835_651_0.ela.png,99.28187727928162
DeepFakeDetectionC4020_13__walk_down_hall_angry__HQHYKNGK_0.ela.png,99.99996423721313
FFC23109_107_0.ela.png,100.0
DeepFakeDetectionC2312_20__talking_against_wall__GHPWDH3C_0.ela.png,99.36679005622864
FFC40438_434_0.ela.png,94.54025626182556
DeepFakeDetectionC4026_12__podium_speech_happy__BFBNM8FR_0.ela.png,65.15175700187683
DeepFakeDetectionC4006_18__outside_talking_still_laughing__M36D0OJT_0.ela.png,99.99645948410034
FFC23254_261_0.ela.png,99.97044205665588
DeepFakeDetectionC2313_11__hugging_happy__61T622EK_0.ela.png,99.11983609199524
FFC40060_088_0.ela.png,99.9982237815857
DeepFakeDetectionC2303_14__walking_down_street_outside_angry__H0VQHGS3_0.ela.png,99.99994039535522
VidTIMITLowsx394-video-mrjo0_0.ela.png,100.0
FFCRAW830_828_0.ela.png,99.8319923877716
DFDCcqkomlfzpo_0.ela.png,1.7320940271019936
FFCRAW155_576_0.ela.png,11.58357486128807
FFC40441_439_0.ela.png,97.63247966766357
FFC40596_609_0.ela.png,82.48359560966492
CelebFakeTrainid1_id4_0002_0.ela.png,99.99995231628418
DeepFakeDetectionC2312_15__walking_down_street_outside_angry__N0SRODQD_0.ela.png,99.6593177318573
DeepFakeDetectionC2320_12__kitchen_still__VD7BCF1U_0.ela.png,99.59086179733276
FFCRAW060_088_1.ela.png,2.042219042778015
FFC40536_540_0.ela.png,99.99860525131226
FFCRAW945_044_0.ela.png,99.294912815094
FFC23609_596_0.ela.png,99.99998807907104
FFCRAW992_980_0.ela.png,98.37259650230408
VidTIMITLowsa1-video-mwbt0_0.ela.png,100.0
FFC23982_004_0.ela.png,99.97569918632507
VidTIMITHighsi1566-video-fcft0_0.ela.png,100.0
DeepFakeDetectionC4012_20__talking_against_wall__GHPWDH3C_0.ela.png,95.62894105911255
DFDCdyyarhqoie_0.ela.png,95.36296725273132
CelebFakeTrainid1_id20_0000_0.ela.png,99.99876022338867
VidTIMITLowsx94-video-fkms0_0.ela.png,100.0
FFC23598_178_0.ela.png,99.98891353607178
VidTIMITHighsi1729-video-mwbt0_0.ela.png,100.0
DeepFakeDetectionC4003_14__podium_speech_happy__Q9NSXM88_0.ela.png,100.0
FFC40688_645_0.ela.png,99.99473094940186
CelebFakeTrainid0_id20_0007_0.ela.png,99.35505390167236
DeepFakeDetectionC2324_10__walking_down_street_outside_angry__356HPS7R_0.ela.png,2.353403903543949
FFC40397_602_0.ela.png,99.83312487602234
VidTIMITHighsi1624-video-mstk0_0.ela.png,100.0
CelebFakeTrainid0_id21_0007_0.ela.png,99.2875337600708
DeepFakeDetectionC2313_03__exit_phone_room__GBYWJW06_0.ela.png,100.0
CelebFakeTrainid2_id9_0002_0.ela.png,0.4600399173796177
VidTIMITHighsi1573-video-fedw0_0.ela.png,100.0
FFC23816_649_0.ela.png,100.0
VidTIMITLowsa2-video-fjre0_0.ela.png,100.0
VidTIMITHighsa1-video-mccs0_0.ela.png,100.0
DFDCeaknukltqk_0.ela.png,28.206202387809753
FFC23060_088_0.ela.png,99.99709129333496
VidTIMITLowsi869-video-mrgg0_0.ela.png,100.0
VidTIMITHighsa2-video-fcmh0_0.ela.png,90.74819684028625
VidTIMITHighsx19-video-fram1_0.ela.png,99.99985694885254
VidTIMITLowsi1894-video-fkms0_0.ela.png,100.0
CelebFakeTrainid0_id1_0009_0.ela.png,46.097058057785034
FFC40228_289_0.ela.png,99.99641180038452
VidTIMITLowsx214-video-felc0_0.ela.png,100.0
DeepFakeDetectionC2307_25__walk_down_hall_angry__PAE9HCA8_0.ela.png,99.8425841331482
DeepFakeDetectionC4005_17__walking_down_street_outside_angry__M3H96PDQ_0.ela.png,8.168210089206696
DeepFakeDetectionC2307_09__walk_down_hall_angry__N9CWME71_0.ela.png,78.95631790161133
CelebFakeTrainid0_id28_0009_0.ela.png,99.79788661003113
FFC40741_731_0.ela.png,100.0
VidTIMITLowsa2-video-mrjo0_0.ela.png,100.0
FFC40974_953_0.ela.png,100.0
VidTIMITLowsi943-video-fedw0_0.ela.png,100.0
DeepFakeDetectionC2302_03__walking_down_street_outside_angry__QH3Y0IG0_0.ela.png,99.99988079071045
DeepFakeDetectionC4013_03__exit_phone_room__GBYWJW06_0.ela.png,99.92743134498596
DeepFakeDetectionC4012_20__outside_talking_pan_laughing__GHPWDH3C_0.ela.png,79.9862265586853
FFC40960_999_0.ela.png,99.09007549285889
FFCRAW596_609_0.ela.png,99.76534247398376
FFCRAW778_798_0.ela.png,99.77408647537231
FFC40456_435_0.ela.png,99.9956727027893
DFDCagwgyxvxjp_0.ela.png,99.55962300300598
CelebFakeTrainid1_id0_0009_0.ela.png,99.36909675598145
FFC23183_253_0.ela.png,99.99997615814209
VidTIMITLowsi1099-video-mwbt0_0.ela.png,100.0
VidTIMITHighsx410-video-fjem0_0.ela.png,100.0
DFDCcgzbyaeizg_0.ela.png,99.99994039535522
FFC23728_673_0.ela.png,99.99998807907104
FFC40482_465_0.ela.png,99.9915599822998
FFC23948_965_0.ela.png,51.95037126541138
FFC40607_683_0.ela.png,100.0
FFC23008_990_0.ela.png,99.64571595191956
FFCRAW251_375_0.ela.png,99.55433011054993
FFCRAW221_206_0.ela.png,99.85247254371643
FFC40292_294_0.ela.png,100.0
DFDCaauzlyqkbj_0.ela.png,23.717141151428223
VidTIMITLowsi1553-video-mpgl0_0.ela.png,100.0
DeepFakeDetectionC4012_25__walk_down_hall_angry__I2X1XTCC_0.ela.png,43.93872022628784
DeepFakeDetectionC4003_13__meeting_serious__T3MZOI8X_0.ela.png,89.35495018959045
FFC23572_554_0.ela.png,99.3766188621521
FFCRAW816_649_0.ela.png,100.0
VidTIMITLowsi2030-video-fjwb0_0.ela.png,100.0
FFCRAW946_049_0.ela.png,100.0
FFCRAW061_080_0.ela.png,100.0
VidTIMITHighsx194-video-fcft0_0.ela.png,97.62731790542603
VidTIMITHighsx109-video-fram1_0.ela.png,99.99970197677612
VidTIMITHighsx282-video-mccs0_0.ela.png,100.0
FFC23602_397_0.ela.png,2.8289735317230225
DeepFakeDetectionC2309_26__walk_down_hall_angry__QSE5A0GF_0.ela.png,99.99798536300659
CelebFakeTrainid1_id28_0004_0.ela.png,100.0
DeepFakeDetectionC4002_15__talking_angry_couch__I8G2LWD1_0.ela.png,29.02820110321045
DFDCdpkmuaoqnx_0.ela.png,66.74016118049622
CelebFakeTrainid0_id17_0007_0.ela.png,100.0
FFC40614_616_0.ela.png,99.94990825653076
FFC40839_864_0.ela.png,99.99885559082031
CelebFakeTrainid0_id2_0001_0.ela.png,100.0
DeepFakeDetectionC2303_15__outside_talking_still_laughing__DNUJD8M2_0.ela.png,1.2176994234323502
FFC23642_635_0.ela.png,100.0
FFC23576_155_0.ela.png,99.60643649101257
FFC23452_550_0.ela.png,99.61936473846436
CelebFakeTrainid2_id0_0005_0.ela.png,100.0
CelebFakeTrainid2_id16_0007_0.ela.png,91.37436747550964
VidTIMITHighsa2-video-fdac1_0.ela.png,100.0
FFCRAW598_178_0.ela.png,99.6052622795105
CelebFakeTrainid1_id6_0006_0.ela.png,99.06933903694153
CelebFakeTrainid1_id21_0009_0.ela.png,72.64750003814697
DeepFakeDetectionC2326_03__walk_down_hall_angry__WBSXBL82_0.ela.png,99.99988079071045
FFC23778_798_0.ela.png,97.80099987983704
FFCRAW876_891_0.ela.png,100.0
VidTIMITHighsi1474-video-felc0_0.ela.png,100.0
VidTIMITLowsa1-video-msjs1_0.ela.png,99.99995231628418
FFCRAW685_613_0.ela.png,99.12540316581726
VidTIMITLowsx19-video-fram1_0.ela.png,100.0
DeepFakeDetectionC2314_21__walking_and_outside_surprised__N0WM4GSV_1.ela.png,99.62961077690125
FFCRAW828_830_0.ela.png,99.97218251228333
FFC40198_106_0.ela.png,6.239114701747894
VidTIMITHighsi1909-video-fram1_0.ela.png,99.99992847442627
DeepFakeDetectionC2303_14__podium_speech_happy__Q9NSXM88_0.ela.png,99.99983310699463
VidTIMITHighsx99-video-mjar0_0.ela.png,100.0
DFDCdfcnrutriw_0.ela.png,99.99998807907104
FFC40522_337_0.ela.png,99.99994039535522
VidTIMITLowsi548-video-fdrd1_0.ela.png,100.0
FFCRAW903_792_0.ela.png,100.0
FFCRAW262_301_0.ela.png,100.0
CelebFakeTrainid0_id21_0006_0.ela.png,61.909663677215576
DeepFakeDetectionC2305_16__exit_phone_room__B62WCGUN_0.ela.png,100.0
FFCRAW360_437_0.ela.png,98.5443651676178
FFCRAW228_289_0.ela.png,100.0
FFCRAW448_361_0.ela.png,100.0
VidTIMITLowsi2299-video-mpdf0_0.ela.png,100.0
VidTIMITHighsx115-video-mrcz0_0.ela.png,100.0
FFC23289_228_0.ela.png,8.749764219828648e-05
VidTIMITHighsx275-video-fjas0_0.ela.png,100.0
DFDCasxhprdsfg_0.ela.png,5.541174486279488
CelebFakeTrainid0_id4_0000_0.ela.png,99.9806821346283
FFC40892_112_0.ela.png,0.8781722746789455
DFDCducgnuyrft_0.ela.png,53.020286560058594
FFCRAW683_607_0.ela.png,100.0
DeepFakeDetectionC4017_05__walk_down_hall_angry__YTJYYDO9_0.ela.png,74.82010126113892
FFC40321_288_0.ela.png,99.99711513519287
DFDCbggisaihct_0.ela.png,98.81070852279663
FFCRAW101_096_0.ela.png,99.67091083526611
DeepFakeDetectionRAW01_11__talking_against_wall__9229VVZ3_0.ela.png,99.99786615371704
DeepFakeDetectionC4021_03__hugging_happy__TEV3HIHZ_0.ela.png,39.29096162319183
DeepFakeDetectionC2303_26__kitchen_pan__WBSXBL82_0.ela.png,99.64814186096191
CelebFakeTrainid0_id28_0005_0.ela.png,99.12636280059814
DeepFakeDetectionC2313_09__walking_down_indoor_hall_disgust__BVZGDFD8_0.ela.png,1.4256018213927746
VidTIMITHighsi548-video-fdrd1_0.ela.png,99.96397495269775
DeepFakeDetectionC2304_12__walking_down_street_outside_angry__96TQKDFJ_0.ela.png,99.81704950332642
FFC40470_468_0.ela.png,51.6169011592865
DeepFakeDetectionC2319_23__kitchen_pan__H4SUVFTL_0.ela.png,99.72147345542908
VidTIMITLowsx306-video-fcmh0_0.ela.png,100.0
DeepFakeDetectionC4014_03__walking_down_indoor_hall_disgust__KJ221YN0_1.ela.png,99.95667338371277
FFC23247_229_0.ela.png,99.84502792358398
VidTIMITLowsi565-video-mrcz0_0.ela.png,100.0
VidTIMITLowsx313-video-fedw0_0.ela.png,100.0
DFDCclboiievyv_0.ela.png,100.0
DFDCcidsyadfjq_0.ela.png,99.66920614242554
VidTIMITHighsi1539-video-mjar0_0.ela.png,100.0
FFC23943_942_0.ela.png,99.83423948287964
FFC40128_896_0.ela.png,99.8327910900116
VidTIMITLowsx368-video-fdrd1_0.ela.png,100.0
CelebFakeTrainid0_id3_0006_0.ela.png,99.53411817550659
CelebFakeTrainid1_id6_0007_0.ela.png,100.0
DeepFakeDetectionC2302_01__secret_conversation__YVGY8LOK_0.ela.png,2.9981762170791626
VidTIMITHighsx408-video-mdld0_0.ela.png,100.0
DFDCadnuzwuhcb_0.ela.png,18.027952313423157
FFC23479_706_0.ela.png,12.300173938274384
DFDCbgsyvyclgh_0.ela.png,99.95726943016052
FFC40032_944_0.ela.png,99.99983310699463
DFDCderoigfoxd_0.ela.png,62.188535928726196
FFC23585_599_0.ela.png,100.0
FFCRAW728_673_0.ela.png,70.9166407585144
DeepFakeDetectionC4002_01__secret_conversation__YVGY8LOK_0.ela.png,87.46185302734375
CelebFakeTrainid0_id3_0009_0.ela.png,36.19040548801422
FFC23356_324_1.ela.png,99.99991655349731
VidTIMITLowsx1195-video-mrcz0_0.ela.png,100.0
FFCRAW762_832_0.ela.png,99.9998688697815
VidTIMITHighsx283-video-mcem0_0.ela.png,99.96052384376526
FFC40522_337_1.ela.png,6.287715584039688
VidTIMITLowsx410-video-fjem0_0.ela.png,100.0
VidTIMITLowsi1398-video-mdld0_0.ela.png,100.0
DFDCegmhohtjpu_0.ela.png,36.785879731178284
VidTIMITLowsx205-video-mrcz0_0.ela.png,100.0
FFC23490_534_0.ela.png,99.83832836151123
DeepFakeDetectionC2307_20__talking_against_wall__KV6Q7D6C_0.ela.png,49.082449078559875
CelebFakeTrainid2_id6_0008_0.ela.png,100.0
FFC23667_446_0.ela.png,99.99998807907104
CelebFakeTrainid1_id35_0005_0.ela.png,99.99995231628418
DeepFakeDetectionC4007_25__walk_down_hall_angry__PAE9HCA8_0.ela.png,100.0
CelebFakeTrainid1_id9_0001_0.ela.png,99.60712194442749
FFC40762_832_0.ela.png,99.99998807907104
FFC23832_762_0.ela.png,99.9958872795105
FFCRAW478_506_0.ela.png,100.0
VidTIMITLowsa2-video-fadg0_0.ela.png,100.0
DFDCaxzmqrxpxn_0.ela.png,99.97902512550354
FFCRAW264_271_0.ela.png,100.0
DeepFakeDetectionC2323_24__kitchen_still__YR5OVD4S_0.ela.png,99.0907073020935
FFCRAW919_015_0.ela.png,100.0
FFC40550_452_0.ela.png,77.29640603065491
DFDCajzgxtpvyt_0.ela.png,100.0
FFC40272_396_0.ela.png,100.0
CelebFakeTrainid1_id30_0007_0.ela.png,100.0
VidTIMITLowsx9-video-mjar0_0.ela.png,100.0
FFC40253_183_0.ela.png,100.0
VidTIMITHighsx209-video-msjs1_0.ela.png,100.0
FFC23811_920_0.ela.png,100.0
FFC40437_360_0.ela.png,100.0
CelebFakeTrainid0_id1_0002_0.ela.png,1.667400635778904
DeepFakeDetectionC4003_11__exit_phone_room__P08VGHTA_0.ela.png,93.21974515914917
DFDCdxkeqytawm_0.ela.png,34.70383584499359
FFC40878_866_0.ela.png,99.96539354324341
FFCRAW568_628_0.ela.png,99.99977350234985
VidTIMITLowsx280-video-fadg0_0.ela.png,55.03515601158142
VidTIMITLowsi1265-video-fjas0_0.ela.png,100.0
FFC23035_036_0.ela.png,99.99489784240723
VidTIMITLowsx281-video-mdbb0_0.ela.png,100.0
DeepFakeDetectionC2315_12__walking_down_indoor_hall_disgust__RK17XFJ9_0.ela.png,99.9969482421875
FFC23786_819_0.ela.png,100.0
DeepFakeDetectionC2303_09__outside_talking_still_laughing__RCETIXYL_0.ela.png,100.0
FFC40946_049_0.ela.png,99.99542236328125
DFDCacgyszkuel_0.ela.png,78.43047976493835
FFCRAW731_741_0.ela.png,100.0
DeepFakeDetectionC4004_21__walking_down_street_outside_angry__5Y31RZP8_0.ela.png,66.59930944442749
FFCRAW947_951_0.ela.png,100.0
VidTIMITHighsa2-video-mjar0_0.ela.png,100.0
FFC40221_206_0.ela.png,100.0
DeepFakeDetectionC2306_18__outside_talking_still_laughing__M36D0OJT_0.ela.png,99.99998807907104
DeepFakeDetectionC4003_07__walking_outside_cafe_disgusted__PWXXULHR_0.ela.png,19.39932554960251
CelebFakeTrainid1_id31_0003_0.ela.png,100.0
FFC40882_952_0.ela.png,98.63663911819458
DFDCbcmkvzaoob_0.ela.png,98.8138496875763
CelebFakeTrainid1_id9_0004_0.ela.png,99.43302869796753
DFDCdwvbumrmgo_0.ela.png,99.99592304229736
VidTIMITHighsa1-video-mdab0_0.ela.png,99.99994039535522
FFCRAW206_221_0.ela.png,100.0
DeepFakeDetectionC2302_15__secret_conversation__MZWH8ATN_0.ela.png,0.9680588729679585
DFDCelasnzhboy_0.ela.png,89.58415985107422
DeepFakeDetectionC4001_03__hugging_happy__ISF9SP4G_0.ela.png,3.933856476123765e-05
DeepFakeDetectionC4013_09__hugging_happy__LPT427RY_0.ela.png,99.90559220314026
DFDCdpygtovvqe_0.ela.png,92.7081823348999
DFDCdsopfynioo_0.ela.png,0.04683729202952236
DeepFakeDetectionC4007_13__walking_outside_cafe_disgusted__RVQCPCJF_0.ela.png,4.324566572904587
FFCRAW884_968_0.ela.png,100.0
FFCRAW929_962_0.ela.png,93.44039559364319
DFDCaehqeompff_0.ela.png,100.0
VidTIMITHighsa2-video-mgwt0_0.ela.png,100.0
CelebFakeTrainid0_id3_0003_0.ela.png,99.93948936462402
VidTIMITLowsi639-video-mrgg0_0.ela.png,100.0
DeepFakeDetectionC4003_04__talking_angry_couch__T04P6ELC_0.ela.png,0.7473259698599577
CelebFakeTrainid1_id6_0004_0.ela.png,100.0
FFCRAW585_599_0.ela.png,99.99995231628418
DeepFakeDetectionC2322_23__outside_talking_still_laughing__W9MT3Q5K_0.ela.png,99.35747981071472
CelebFakeTrainid2_id4_0002_0.ela.png,7.536507397890091
CelebFakeTrainid1_id2_0001_0.ela.png,99.99998807907104
DeepFakeDetectionC4003_07__hugging_happy__BKLOCI1M_0.ela.png,3.3586814999580383
VidTIMITLowsa2-video-mdab0_0.ela.png,100.0
FFCRAW613_685_0.ela.png,99.90019202232361
VidTIMITLowsi2173-video-mcem0_0.ela.png,100.0
DeepFakeDetectionC4021_03__outside_talking_still_laughing__V53E3RVB_0.ela.png,92.87627339363098
VidTIMITHighsx124-video-felc0_0.ela.png,100.0
DFDCbekamukelt_0.ela.png,92.6633358001709
DeepFakeDetectionC4003_07__walk_down_hall_angry__IFSURI9X_0.ela.png,5.117473751306534
FFC40555_516_0.ela.png,99.96812343597412
FFC23993_989_0.ela.png,26.469528675079346
FFC40938_987_0.ela.png,5.18629215657711
VidTIMITLowsi839-video-mmdm2_0.ela.png,100.0
DeepFakeDetectionC4015_12__walking_down_indoor_hall_disgust__RK17XFJ9_1.ela.png,92.08588600158691
VidTIMITHighsx318-video-mdld0_0.ela.png,100.0
CelebFakeTrainid2_id16_0005_0.ela.png,99.96418952941895
FFCRAW425_485_0.ela.png,97.94549942016602
DeepFakeDetectionC2306_14__walking_and_outside_surprised__8U9ULZDT_1.ela.png,21.508967876434326
DeepFakeDetectionC2303_07__walking_down_indoor_hall_disgust__PWXXULHR_0.ela.png,19.70367580652237
VidTIMITLowsx95-video-mjsw0_0.ela.png,100.0
CelebFakeTrainid0_id17_0002_0.ela.png,99.99997615814209
FFCRAW229_247_0.ela.png,1.7154455184936523
CelebFakeTrainid0_id26_0002_0.ela.png,100.0
DeepFakeDetectionC2313_11__podium_speech_happy__XXKQ4XM0_0.ela.png,99.91456270217896
DeepFakeDetectionC2309_14__talking_angry_couch__6TEK3ZX0_0.ela.png,100.0
FFC23210_241_0.ela.png,98.54673147201538
FFC40088_060_0.ela.png,96.49347066879272
CelebFakeTrainid2_id9_0001_0.ela.png,49.545469880104065
DFDCbalnmmarhv_0.ela.png,67.07040071487427
FFC23990_008_0.ela.png,99.986732006073
VidTIMITHighsi770-video-fjwb0_0.ela.png,89.37593698501587
VidTIMITHighsx396-video-fdac1_0.ela.png,99.99997615814209
DFDCdruapjtxgu_0.ela.png,99.99645948410034
FFC40471_455_0.ela.png,100.0
FFC40656_666_0.ela.png,28.696852922439575
FFCRAW452_550_0.ela.png,2.3396989330649376
VidTIMITLowsx13-video-mcem0_0.ela.png,100.0
FFC23456_435_0.ela.png,94.80583667755127
FFCRAW103_082_0.ela.png,96.68678045272827
DeepFakeDetectionC4001_03__podium_speech_happy__480LQD1C_0.ela.png,0.006070585368433967
FFC40648_654_0.ela.png,99.99998807907104
VidTIMITLowsx371-video-mdbb0_0.ela.png,100.0
DeepFakeDetectionC4011_06__outside_talking_pan_laughing__C8C4FW99_0.ela.png,8.978293091058731
DFDCbqpzzgbvjz_0.ela.png,99.98345375061035
DeepFakeDetectionC2302_18__walking_down_street_outside_angry__21JTDDEL_0.ela.png,99.98759031295776
VidTIMITHighsi1024-video-mrjo0_0.ela.png,100.0
VidTIMITHighsi1825-video-mrcz0_0.ela.png,100.0
CelebFakeTrainid0_id17_0001_0.ela.png,71.07185125350952
DFDCbhnlaxgvrf_0.ela.png,99.99977350234985
FFC23147_055_0.ela.png,100.0
DFDCarmtkdutdu_0.ela.png,99.77299571037292
VidTIMITLowsx299-video-mmdm2_0.ela.png,100.0
VidTIMITLowsx403-video-fedw0_0.ela.png,99.99994039535522
DeepFakeDetectionC2328_08__kitchen_still__8BC35RFU_0.ela.png,0.015306740533560514
DeepFakeDetectionC4002_03__walking_down_street_outside_angry__QH3Y0IG0_0.ela.png,0.24134570267051458
FFC40252_266_0.ela.png,99.99998807907104
DeepFakeDetectionC4006_18__walk_down_hall_angry__LH0KWJKM_0.ela.png,99.99723434448242
DeepFakeDetectionC2304_13__walking_outside_cafe_disgusted__00T3UYOR_0.ela.png,99.64001178741455
FFC23760_611_0.ela.png,99.99279975891113
FFC23589_565_0.ela.png,99.90517497062683
CelebFakeTrainid0_id16_0006_0.ela.png,98.0049729347229
DeepFakeDetectionC2313_12__walking_down_street_outside_angry__2TM4IFSF_0.ela.png,71.69725894927979
VidTIMITHighsa1-video-mpgl0_0.ela.png,100.0
DFDCdeyancnbyf_0.ela.png,100.0
DFDCamgwvgswlu_0.ela.png,49.58649277687073
VidTIMITLowsi635-video-fjas0_0.ela.png,100.0
VidTIMITHighsx8-video-fdrd1_0.ela.png,99.99769926071167
FFC40251_375_0.ela.png,100.0
FFCRAW253_183_0.ela.png,100.0
FFC23085_124_0.ela.png,98.34831953048706
FFCRAW529_633_0.ela.png,99.99938011169434
VidTIMITLowsx185-video-fjas0_0.ela.png,100.0
DFDCayeytpezft_0.ela.png,9.602528065443039
DFDCeajqbwrfye_0.ela.png,4.292136058211327
FFC23620_619_0.ela.png,99.37735795974731
FFCRAW835_651_0.ela.png,100.0
FFC40823_584_0.ela.png,0.00047223516048688907
FFCRAW986_994_0.ela.png,0.7771765347570181
DeepFakeDetectionC4027_03__walking_and_outside_surprised__KWGI1LSZ_0.ela.png,99.99767541885376
CelebFakeTrainid0_id3_0004_0.ela.png,100.0
VidTIMITHighsi1178-video-fdrd1_0.ela.png,99.99995231628418
CelebFakeTrainid0_id23_0004_0.ela.png,0.16063909279182553
FFC23919_015_0.ela.png,100.0
DeepFakeDetectionC2327_14__kitchen_pan__0KSONKQ2_0.ela.png,99.98537302017212
FFC40261_254_0.ela.png,17.57350265979767
VidTIMITLowsx189-video-mrgg0_0.ela.png,100.0
VidTIMITHighsa1-video-mwbt0_0.ela.png,100.0
DFDCdliajpqpqd_0.ela.png,15.546761453151703
FFC23522_337_0.ela.png,100.0
VidTIMITLowsx119-video-mmdm2_0.ela.png,99.99945163726807
FFC40667_446_0.ela.png,100.0
FFC40271_264_0.ela.png,86.10348701477051
VidTIMITLowsi469-video-mwbt0_0.ela.png,99.99971389770508
VidTIMITHighsa2-video-faks0_0.ela.png,99.99992847442627
DeepFakeDetectionC2312_15__kitchen_still__RK17XFJ9_0.ela.png,0.6146067753434181
DFDCbbjlbfgvke_0.ela.png,14.274212718009949
CelebFakeTrainid2_id17_0001_0.ela.png,100.0
FFCRAW665_679_0.ela.png,99.97332692146301
FFCRAW584_823_0.ela.png,99.94564652442932
CelebFakeTrainid2_id0_0009_0.ela.png,100.0
FFC40308_388_0.ela.png,100.0
VidTIMITHighsx36-video-fdac1_0.ela.png,99.99996423721313
VidTIMITLowsx102-video-mdab0_0.ela.png,100.0
DeepFakeDetectionC2309_02__walking_down_street_outside_angry__6KUOFMZW_0.ela.png,100.0
CelebFakeTrainid0_id1_0007_0.ela.png,99.5495080947876
CelebFakeTrainid1_id23_0005_0.ela.png,100.0
FFC40885_802_0.ela.png,99.9426007270813
CelebFakeTrainid1_id26_0007_0.ela.png,100.0
FFC40849_771_0.ela.png,98.82055521011353
DFDCajnaarnfdw_0.ela.png,99.99964237213135
CelebFakeTrainid2_id1_0007_0.ela.png,100.0
FFCRAW823_584_0.ela.png,0.05456935614347458
DeepFakeDetectionC2326_07__kitchen_pan__FGNGC2GT_0.ela.png,90.39984345436096
DeepFakeDetectionC4006_04__outside_talking_still_laughing__ZK95PQDE_0.ela.png,27.89417803287506
FFCRAW280_249_0.ela.png,100.0
DeepFakeDetectionC2319_24__secret_conversation__59PN7WZ2_0.ela.png,94.29085850715637
DeepFakeDetectionC4003_13__meeting_serious__T3MZOI8X_1.ela.png,0.23461307864636183
CelebFakeTrainid0_id9_0002_0.ela.png,87.55062818527222
VidTIMITLowsx368-video-mgwt0_0.ela.png,100.0
VidTIMITLowsx275-video-mjsw0_0.ela.png,100.0
DFDCdfvesskkhm_0.ela.png,28.448033332824707
VidTIMITHighsi768-video-mdld0_0.ela.png,100.0
FFC40004_982_0.ela.png,99.92966651916504
FFC23301_262_0.ela.png,98.80595803260803
VidTIMITHighsx192-video-mdab0_0.ela.png,100.0
FFCRAW098_092_0.ela.png,100.0
FFC40951_947_0.ela.png,99.99754428863525
FFCRAW938_987_0.ela.png,99.99898672103882
VidTIMITLowsx5-video-mjsw0_0.ela.png,100.0
FFC23542_520_0.ela.png,98.91874194145203
CelebFakeTrainid0_id20_0001_0.ela.png,90.29093980789185
FFCRAW878_866_0.ela.png,100.0
DeepFakeDetectionC4019_22__talking_against_wall__VK6BF5NV_0.ela.png,11.061280965805054
FFC23522_337_1.ela.png,88.75579237937927
FFC40262_301_0.ela.png,100.0
CelebFakeTrainid0_id20_0004_0.ela.png,9.6373625524393e-06
FFCRAW013_883_0.ela.png,96.58885598182678
FFC23258_246_0.ela.png,100.0
CelebFakeTrainid1_id30_0004_0.ela.png,98.93502593040466
FFCRAW968_884_0.ela.png,99.8207688331604
FFC40222_168_0.ela.png,100.0
FFC23308_388_0.ela.png,100.0
DFDCbjpdfzhars_0.ela.png,1.9820863381028175
VidTIMITHighsi1542-video-mdab0_0.ela.png,100.0
DeepFakeDetectionC4019_23__outside_talking_pan_laughing__H4SUVFTL_0.ela.png,34.24229621887207
VidTIMITLowsi923-video-mpgl0_0.ela.png,100.0
CelebFakeTrainid2_id1_0003_0.ela.png,99.99998807907104
VidTIMITLowsx373-video-mcem0_0.ela.png,100.0
FFCRAW324_356_0.ela.png,100.0
VidTIMITLowsa1-video-fjas0_0.ela.png,100.0
FFC40081_087_0.ela.png,99.99997615814209
FFCRAW062_066_0.ela.png,84.21044945716858
FFC23257_420_0.ela.png,0.4473996814340353
DFDCbulvhtzaho_0.ela.png,64.60278034210205
FFCRAW771_849_0.ela.png,99.99176263809204
VidTIMITHighsi923-video-mpgl0_0.ela.png,99.99943971633911
VidTIMITHighsi2299-video-mpdf0_0.ela.png,100.0
CelebFakeTrainid2_id4_0008_0.ela.png,99.8725950717926
DFDCazegisuvcp_0.ela.png,99.23496842384338
DeepFakeDetectionC2312_18__outside_talking_pan_laughing__IKH1LBBY_0.ela.png,89.15985822677612
FFCRAW948_965_0.ela.png,99.97356534004211
VidTIMITHighsx368-video-fdrd1_0.ela.png,100.0
FFC23342_416_0.ela.png,100.0
FFC40966_988_0.ela.png,7.702989876270294
DeepFakeDetectionC2313_09__hugging_happy__BVZGDFD8_0.ela.png,99.26411509513855
VidTIMITHighsx209-video-mmdm2_0.ela.png,100.0
FFC23889_045_0.ela.png,0.030525957117788494
DFDCdortpogjfp_0.ela.png,92.642080783844
DeepFakeDetectionC2315_18__walking_down_indoor_hall_disgust__V5VHLCOW_1.ela.png,95.58325409889221
CelebFakeTrainid2_id17_0002_0.ela.png,29.070189595222473
FFC23122_144_0.ela.png,100.0
VidTIMITLowsx188-video-mgwt0_0.ela.png,99.99970197677612
FFC23760_611_1.ela.png,99.99984502792358
DeepFakeDetectionC4027_01__walking_and_outside_surprised__S2YCUY48_0.ela.png,14.285069704055786
FFCRAW585_599_1.ela.png,97.0568299293518
FFCRAW252_266_0.ela.png,99.97017979621887
DeepFakeDetectionC2307_14__exit_phone_room__P9QFO50U_0.ela.png,71.44997119903564
FFCRAW812_821_0.ela.png,99.97597336769104
CelebFakeTrainid0_id1_0001_0.ela.png,80.32892346382141
DeepFakeDetectionC2314_03__walking_down_indoor_hall_disgust__KJ221YN0_1.ela.png,97.16455936431885
FFC23397_602_0.ela.png,100.0
DeepFakeDetectionC4010_22__kitchen_still__EHARPYBT_0.ela.png,99.99842643737793
FFC23324_356_0.ela.png,88.39426636695862
FFC40968_884_0.ela.png,92.00764894485474
DFDCdvwgdmetyv_0.ela.png,99.68420267105103
DeepFakeDetectionC2302_15__exit_phone_room__MZWH8ATN_0.ela.png,99.10483956336975
FFCRAW657_644_0.ela.png,100.0
FFC40280_249_0.ela.png,99.99885559082031
VidTIMITHighsa1-video-fjwb0_0.ela.png,100.0
DeepFakeDetectionC2315_27__podium_speech_happy__2ERUWYH8_0.ela.png,0.08078330429270864
DeepFakeDetectionC2302_14__outside_talking_pan_laughing__3IUBEKCT_0.ela.png,75.61018466949463
CelebFakeTrainid0_id3_0008_0.ela.png,89.27971720695496
VidTIMITHighsx185-video-fjas0_0.ela.png,100.0
FFC23253_183_0.ela.png,100.0
CelebFakeTrainid2_id17_0004_0.ela.png,100.0
VidTIMITLowsx274-video-faks0_0.ela.png,99.99847412109375
DeepFakeDetectionC4012_15__walking_down_street_outside_angry__N0SRODQD_0.ela.png,100.0
VidTIMITHighsa1-video-fdac1_0.ela.png,100.0
FFC23938_987_0.ela.png,98.11160564422607
CelebFakeTrainid1_id0_0000_0.ela.png,100.0
DeepFakeDetectionC2326_01__secret_conversation__BTVMWLG6_0.ela.png,9.610681235790253
FFC23150_153_0.ela.png,99.99693632125854
DeepFakeDetectionC2322_23__outside_talking_pan_laughing__J671JKCH_0.ela.png,99.99856948852539
CelebFakeTrainid1_id26_0001_0.ela.png,99.99923706054688
VidTIMITHighsi2247-video-mgwt0_0.ela.png,100.0
DeepFakeDetectionC4004_12__walking_down_street_outside_angry__96TQKDFJ_0.ela.png,99.99998807907104
CelebFakeTrainid1_id17_0001_0.ela.png,99.99977350234985
DeepFakeDetectionC4002_18__walking_down_street_outside_angry__21JTDDEL_0.ela.png,13.13612163066864
CelebFakeTrainid1_id9_0006_0.ela.png,98.50002527236938
DeepFakeDetectionC4015_18__walking_down_indoor_hall_disgust__V5VHLCOW_0.ela.png,45.86423337459564
VidTIMITLowsx380-video-mmdb1_0.ela.png,100.0
DeepFakeDetectionC4026_20__kitchen_pan__C8GN41DU_0.ela.png,99.40769672393799
FFC23124_085_0.ela.png,100.0
DFDCdcwvwuzooj_0.ela.png,7.088246196508408
VidTIMITHighsx5-video-fjas0_0.ela.png,100.0
VidTIMITLowsx320-video-fjem0_0.ela.png,99.97438788414001
FFC40980_992_0.ela.png,5.57524561882019
FFCRAW377_333_0.ela.png,93.22825074195862
FFCRAW864_839_0.ela.png,97.7715253829956
VidTIMITHighsx372-video-mccs0_0.ela.png,100.0
FFCRAW644_657_0.ela.png,95.09180188179016
DFDCdvhvthlgpo_0.ela.png,99.42966103553772
FFC23596_609_0.ela.png,100.0
FFCRAW891_876_0.ela.png,99.99995231628418
DeepFakeDetectionC2321_03__hugging_happy__TEV3HIHZ_0.ela.png,79.1914701461792
CelebFakeTrainid2_id20_0003_0.ela.png,99.99819993972778
FFC40130_139_0.ela.png,99.92948770523071
FFC40583_558_0.ela.png,99.56201910972595
DFDCczvutoolrz_0.ela.png,99.99908208847046
VidTIMITLowsx274-video-fkms0_0.ela.png,99.99958276748657
FFCRAW060_088_0.ela.png,99.99992847442627
DeepFakeDetectionC2307_02__walking_down_street_outside_angry__O4SXNLRL_0.ela.png,32.627782225608826
FFC23891_876_0.ela.png,100.0
DeepFakeDetectionC2307_06__walking_down_street_outside_angry__NMGYPBXE_0.ela.png,99.99996423721313
VidTIMITLowsx199-video-mwbt0_0.ela.png,100.0
DeepFakeDetectionC2303_07__walk_down_hall_angry__6PHZRQ4H_0.ela.png,100.0
VidTIMITHighsx119-video-msjs1_0.ela.png,100.0
FFC23103_082_0.ela.png,1.0642338544130325
DeepFakeDetectionC2315_04__outside_talking_pan_laughing__7NW4Z6WZ_0.ela.png,1.0698904283344746
VidTIMITLowsx95-video-fjas0_0.ela.png,100.0
DeepFakeDetectionC4019_24__kitchen_still__GNHYZ84G_0.ela.png,1.9870845600962639
VidTIMITLowsi909-video-mjar0_0.ela.png,100.0
DFDCbytpazjfhg_0.ela.png,79.67650890350342
FFC23942_943_0.ela.png,16.503560543060303
VidTIMITHighsx389-video-msjs1_0.ela.png,100.0
DeepFakeDetectionC4003_07__walk_down_hall_angry__6PHZRQ4H_0.ela.png,31.024065613746643
FFC40779_794_0.ela.png,99.37756061553955
DFDCdywryacbba_0.ela.png,99.91928935050964
FFC40485_425_0.ela.png,99.95273351669312
DeepFakeDetectionC4017_08__exit_phone_room__CFIY1YEQ_0.ela.png,99.99948740005493
VidTIMITLowsa2-video-fjas0_0.ela.png,100.0
FFC23376_381_0.ela.png,99.63521957397461
DeepFakeDetectionC2315_14__talking_against_wall__4SO1CSAM_0.ela.png,99.98537302017212
VidTIMITLowsx109-video-fram1_0.ela.png,100.0
DFDCdepawydyuh_0.ela.png,100.0
FFC23741_731_0.ela.png,100.0
FFCRAW081_087_0.ela.png,99.42072629928589
CelebFakeTrainid2_id17_0009_0.ela.png,99.9992847442627
VidTIMITLowsx278-video-mgwt0_0.ela.png,100.0
DeepFakeDetectionC4020_27__kitchen_pan__LM907ECA_0.ela.png,99.34009909629822
DFDCbdrvwexsfj_0.ela.png,32.69493579864502
FFC40097_033_0.ela.png,92.17484593391418
CelebFakeTrainid1_id20_0003_0.ela.png,81.03557229042053
DeepFakeDetectionC4002_09__kitchen_pan__HIH8YA82_0.ela.png,99.97811913490295
DeepFakeDetectionC4017_08__talking_against_wall__QOX5NWIJ_1.ela.png,18.254050612449646
VidTIMITLowsx194-video-fjre0_0.ela.png,99.99998807907104
DeepFakeDetectionC4013_12__walking_down_street_outside_angry__2TM4IFSF_0.ela.png,1.6529960557818413
DeepFakeDetectionC2302_06__talking_angry_couch__GH8TGTBS_0.ela.png,82.87991881370544
DeepFakeDetectionC2318_04__talking_against_wall__6J3ZFEJQ_0.ela.png,91.50347709655762
VidTIMITHighsi839-video-mmdm2_0.ela.png,100.0
VidTIMITHighsa2-video-fdrd1_0.ela.png,99.99896287918091
FFC40178_598_0.ela.png,3.184107318520546
FFCRAW222_168_0.ela.png,96.08649015426636
DeepFakeDetectionC4021_09__walking_outside_cafe_disgusted__J7SQKGUR_0.ela.png,99.99384880065918
VidTIMITHighsa2-video-mmdb1_0.ela.png,99.99972581863403
DeepFakeDetectionC4021_03__kitchen_still__V53E3RVB_0.ela.png,65.59255123138428
DeepFakeDetectionC2303_01__walking_and_outside_surprised__JZUXXFRB_0.ela.png,0.0002144964582839748
DeepFakeDetectionC2314_03__exit_phone_room__KJ221YN0_0.ela.png,83.20710062980652
FFC23917_924_0.ela.png,100.0
DeepFakeDetectionC2327_01__walking_and_outside_surprised__S2YCUY48_0.ela.png,0.08073120261542499
FFCRAW153_150_0.ela.png,90.85885286331177
VidTIMITHighsx389-video-mmdm2_0.ela.png,100.0
VidTIMITLowsx295-video-mrcz0_0.ela.png,100.0
FFC40661_670_0.ela.png,96.44346237182617
VidTIMITHighsx189-video-mjar0_0.ela.png,99.99915361404419
FFC23435_456_0.ela.png,100.0
DeepFakeDetectionC2307_26__walking_down_street_outside_angry__FGNGC2GT_0.ela.png,99.98496770858765
DeepFakeDetectionC4003_15__outside_talking_still_laughing__DNUJD8M2_0.ela.png,2.3165417835116386
VidTIMITHighsx229-video-mpdf0_0.ela.png,100.0
VidTIMITLowsx50-video-fjem0_0.ela.png,100.0
VidTIMITLowsa2-video-fcmh0_0.ela.png,99.99992847442627
DeepFakeDetectionC2303_18__walking_and_outside_surprised__8HNSXOBW_0.ela.png,7.995308237696008e-05
DFDCcvpytkuqyd_0.ela.png,99.99864101409912
VidTIMITHighsx379-video-fram1_0.ela.png,100.0
VidTIMITLowsx12-video-mccs0_0.ela.png,100.0
FFC40720_672_0.ela.png,97.85422086715698
CelebFakeTrainid0_id9_0005_0.ela.png,98.71247410774231
DeepFakeDetectionC2327_02__walk_down_hall_angry__FV8M8O2C_0.ela.png,100.0
FFCRAW687_615_0.ela.png,100.0
FFC23648_654_0.ela.png,57.067906856536865
VidTIMITLowsx133-video-fedw0_0.ela.png,100.0
DeepFakeDetectionC2305_28__kitchen_still__W3J028UG_0.ela.png,99.99939203262329
FFC23272_396_0.ela.png,100.0
DeepFakeDetectionC4003_07__walking_outside_cafe_disgusted__IFSURI9X_0.ela.png,24.0043967962265
DeepFakeDetectionC4003_15__outside_talking_pan_laughing__Y11NT1YX_0.ela.png,0.03139024192932993
DFDCckxqlsmryi_0.ela.png,60.948729515075684
DeepFakeDetectionC2321_07__exit_phone_room__K7KXUHMU_0.ela.png,99.08947944641113
DeepFakeDetectionC2302_15__outside_talking_pan_laughing__I8G2LWD1_0.ela.png,89.07797932624817
VidTIMITHighsa1-video-mdbb0_0.ela.png,100.0
DFDCeejkfqcfzb_0.ela.png,78.10786366462708
VidTIMITLowsa1-video-fedw0_0.ela.png,99.99866485595703
VidTIMITLowsx4-video-faks0_0.ela.png,100.0
FFC40520_542_0.ela.png,99.99909400939941
CelebFakeTrainid1_id20_0004_0.ela.png,99.97872710227966
DeepFakeDetectionC4021_03__walking_down_street_outside_angry__YCSEBZO4_0.ela.png,99.62072372436523
FFC23465_482_0.ela.png,100.0
DFDCcglmqqcxvf_0.ela.png,86.61152124404907
FFC40830_828_0.ela.png,100.0
DeepFakeDetectionC4023_24__kitchen_still__YR5OVD4S_0.ela.png,48.77137839794159
DeepFakeDetectionC2327_02__talking_angry_couch__FV8M8O2C_0.ela.png,99.69202280044556
FFCRAW786_819_0.ela.png,100.0
VidTIMITHighsx319-video-mpdf0_0.ela.png,99.99991655349731
CelebFakeTrainid0_id4_0001_0.ela.png,42.44140982627869
FFC23951_947_1.ela.png,1.1426414363086224
DeepFakeDetectionC2306_14__walking_and_outside_surprised__8U9ULZDT_0.ela.png,0.977951567620039
DeepFakeDetectionC4015_20__walking_down_indoor_hall_disgust__CYD62VPP_0.ela.png,99.99691247940063
FFC40337_522_0.ela.png,99.99003410339355
DeepFakeDetectionC4013_26__walking_down_street_outside_angry__CJALTDKT_0.ela.png,87.89990544319153
DeepFakeDetectionC2309_26__talking_against_wall__C3K20JOL_0.ela.png,99.57213401794434
DFDCcfkmjqcpcd_0.ela.png,99.98027682304382
DeepFakeDetectionC4006_18__podium_speech_happy__DEA1TCLN_0.ela.png,78.16793918609619
CelebFakeTrainid2_id3_0002_0.ela.png,2.871713973581791
DFDCabvmydmmpd_0.ela.png,99.99408721923828
CelebFakeTrainid2_id16_0000_0.ela.png,99.99163150787354
DeepFakeDetectionC2312_15__talking_angry_couch__N0SRODQD_0.ela.png,51.27358436584473
FFC40425_485_0.ela.png,2.9289647936820984
VidTIMITLowsx230-video-fjem0_0.ela.png,100.0
DeepFakeDetectionC2320_25__walk_down_hall_angry__DW2L6D2V_0.ela.png,99.54783320426941
VidTIMITHighsi913-video-mcem0_0.ela.png,100.0
DeepFakeDetectionC2320_03__talking_angry_couch__61SVZ2J7_0.ela.png,99.71924424171448
DeepFakeDetectionC4002_27__walk_down_hall_angry__78M8S6M6_0.ela.png,97.06422686576843
VidTIMITHighsi1398-video-mdld0_0.ela.png,100.0
DeepFakeDetectionC4020_26__outside_talking_pan_laughing__2VS0S1P5_0.ela.png,99.4140088558197
DFDCdqaxvrskvd_0.ela.png,90.99805355072021
FFC40381_376_0.ela.png,99.90130662918091
VidTIMITLowsi1386-video-fdac1_0.ela.png,100.0
DeepFakeDetectionC2312_15__outside_talking_still_laughing__RK17XFJ9_0.ela.png,99.9997615814209
DFDCdypetrfpio_0.ela.png,80.99303841590881
FFC23731_741_0.ela.png,100.0
CelebFakeTrainid1_id23_0009_0.ela.png,100.0
FFC40061_080_0.ela.png,100.0
CelebFakeTrainid1_id2_0000_0.ela.png,99.95231628417969
CelebFakeTrainid1_id37_0009_0.ela.png,68.448406457901
FFC23706_479_0.ela.png,98.40788841247559
VidTIMITHighsi2030-video-fjwb0_0.ela.png,59.27249193191528
FFC40516_555_0.ela.png,99.99021291732788
FFC23145_299_0.ela.png,99.88358616828918
FFC23375_251_0.ela.png,67.36536026000977
VidTIMITHighsx374-video-fjre0_0.ela.png,100.0
FFC23420_257_0.ela.png,0.8515946567058563
DeepFakeDetectionC2326_18__outside_talking_still_laughing__AI94QW74_0.ela.png,15.524117648601532
DeepFakeDetectionC4013_14__hugging_happy__KMQ3AW6A_0.ela.png,0.4537505563348532
DFDCckmfrpsefq_0.ela.png,97.38441705703735
FFC40241_210_0.ela.png,100.0
FFC40359_317_0.ela.png,84.46974158287048
DFDCcdcklwxsim_0.ela.png,29.64807152748108
FFC23339_392_0.ela.png,99.99984502792358
FFC23540_536_0.ela.png,99.99356269836426
VidTIMITLowsx304-video-felc0_0.ela.png,100.0
CelebFakeTrainid1_id0_0001_0.ela.png,100.0
VidTIMITLowsx299-video-msjs1_0.ela.png,100.0
FFC23536_540_0.ela.png,100.0
FFCRAW673_728_0.ela.png,97.3770797252655
DeepFakeDetectionC4020_15__walking_down_indoor_hall_disgust__CYD62VPP_1.ela.png,99.98032450675964
FFC23798_778_0.ela.png,100.0
DeepFakeDetectionC4014_03__walking_down_indoor_hall_disgust__KJ221YN0_0.ela.png,99.73430037498474
VidTIMITHighsx14-video-fcft0_0.ela.png,100.0
CelebFakeTrainid0_id16_0008_0.ela.png,99.9546468257904
FFC40155_576_0.ela.png,42.92284846305847
CelebFakeTrainid2_id3_0005_0.ela.png,100.0
FFCRAW565_589_0.ela.png,100.0
CelebFakeTrainid2_id9_0006_0.ela.png,5.931445583701134
DFDCdiysftqqth_0.ela.png,2.3311635479331017
DeepFakeDetectionC2319_24__kitchen_still__GNHYZ84G_0.ela.png,0.7099627517163754
VidTIMITHighsi1360-video-fadg0_0.ela.png,99.99988079071045
VidTIMITLowsi1808-video-fdrd1_0.ela.png,100.0
CelebFakeTrainid0_id9_0007_0.ela.png,100.0
FFC23228_289_0.ela.png,53.72647047042847
DeepFakeDetectionC4007_20__talking_against_wall__KV6Q7D6C_0.ela.png,91.72612428665161
FFC23876_891_0.ela.png,23.973461985588074
FFCRAW004_982_0.ela.png,99.99969005584717
VidTIMITHighsi1425-video-mccs0_0.ela.png,99.99967813491821
FFC23488_399_0.ela.png,99.3281364440918
VidTIMITHighsx230-video-fjwb0_0.ela.png,99.9956727027893
FFCRAW661_670_0.ela.png,82.90226459503174
FFC40620_619_0.ela.png,99.99891519546509
VidTIMITLowsi1539-video-mjar0_0.ela.png,100.0
DeepFakeDetectionC2303_13__meeting_serious__T3MZOI8X_0.ela.png,3.3132798969745636
FFCRAW130_139_0.ela.png,99.99645948410034
DeepFakeDetectionC4012_14__outside_talking_pan_laughing__Z7EWFA0P_0.ela.png,48.22261333465576
DFDCdlsfpstkyc_0.ela.png,92.11679100990295
DeepFakeDetectionC2306_14__walking_down_indoor_hall_disgust__8U9ULZDT_0.ela.png,95.0529158115387
FFC23953_974_0.ela.png,71.69156670570374
FFCRAW106_198_0.ela.png,100.0
CelebFakeTrainid0_id26_0006_0.ela.png,11.295544356107712
DeepFakeDetectionC2315_18__walking_down_indoor_hall_disgust__V5VHLCOW_0.ela.png,99.99693632125854
VidTIMITLowsa1-video-felc0_0.ela.png,100.0
VidTIMITLowsx36-video-fcmh0_0.ela.png,99.9984622001648
FFC40488_399_0.ela.png,100.0
FFC23821_812_0.ela.png,99.99998807907104
VidTIMITHighsx34-video-felc0_0.ela.png,100.0
DeepFakeDetectionC4024_19__exit_phone_room__0ZFOV5ZE_0.ela.png,99.99971389770508
CelebFakeTrainid0_id21_0002_0.ela.png,99.99856948852539
VidTIMITHighsa1-video-mmdm2_0.ela.png,100.0
FFC23101_096_0.ela.png,99.97909665107727
FFCRAW254_261_0.ela.png,99.99953508377075
FFC23613_685_0.ela.png,100.0
FFCRAW543_559_0.ela.png,100.0
VidTIMITHighsa2-video-fjre0_0.ela.png,100.0
DFDCawjuastgdw_0.ela.png,99.91515874862671
DeepFakeDetectionC4003_06__meeting_serious__83ABVHC3_0.ela.png,60.78723669052124
FFCRAW993_989_0.ela.png,100.0
VidTIMITLowsi1360-video-fadg0_0.ela.png,100.0
CelebFakeTrainid2_id9_0009_0.ela.png,97.38765954971313
CelebFakeTrainid1_id3_0000_0.ela.png,100.0
CelebFakeTrainid2_id4_0001_0.ela.png,99.99639987945557
CelebFakeTrainid1_id4_0009_0.ela.png,100.0
VidTIMITHighsx133-video-fedw0_0.ela.png,100.0
CelebFakeTrainid1_id6_0002_0.ela.png,99.97475743293762
VidTIMITHighsx25-video-mrcz0_0.ela.png,100.0
FFC40671_677_0.ela.png,100.0
FFC40096_101_0.ela.png,100.0
VidTIMITHighsx278-video-mgwt0_0.ela.png,100.0
VidTIMITHighsa1-video-felc0_0.ela.png,100.0
FFCRAW308_388_0.ela.png,100.0
FFC40665_679_0.ela.png,96.4007019996643
FFC23987_938_0.ela.png,99.99778270721436
CelebFakeTrainid2_id16_0006_0.ela.png,75.02388954162598
CelebFakeTrainid1_id23_0007_0.ela.png,100.0
VidTIMITHighsx14-video-fjre0_0.ela.png,98.62599968910217
FFCRAW087_081_0.ela.png,99.99998807907104
DeepFakeDetectionC4025_26__podium_speech_happy__PQ41U3IJ_0.ela.png,49.47528541088104
FFCRAW953_974_0.ela.png,99.91517066955566
VidTIMITLowsi995-video-mjsw0_0.ela.png,100.0
FFCRAW802_885_0.ela.png,99.99475479125977
FFC40093_121_0.ela.png,1.3182551600039005
DeepFakeDetectionC4021_11__walking_outside_cafe_disgusted__T7DK03O1_0.ela.png,97.22618460655212
CelebFakeTrainid1_id21_0002_0.ela.png,100.0
DeepFakeDetectionC2320_14__outside_talking_pan_laughing__R7SPX6OK_0.ela.png,4.818480461835861
DFDCadioaqyble_0.ela.png,95.17031908035278
FFC40903_792_0.ela.png,4.231366887688637
VidTIMITLowsa2-video-mccs0_0.ela.png,100.0
FFC23607_683_0.ela.png,99.99998807907104
CelebFakeTrainid1_id3_0004_0.ela.png,100.0
DeepFakeDetectionC2321_11__walking_down_street_outside_angry__USLHUQDI_0.ela.png,99.97813105583191
VidTIMITLowsi634-video-fkms0_0.ela.png,100.0
FFCRAW339_392_0.ela.png,100.0
FFC23388_308_0.ela.png,99.99998807907104
DeepFakeDetectionC2306_07__exit_phone_room__NMGYPBXE_0.ela.png,93.00430417060852
VidTIMITLowsx370-video-fadg0_0.ela.png,100.0
FFCRAW044_945_0.ela.png,100.0
CelebFakeTrainid2_id20_0005_0.ela.png,100.0
FFC40798_778_0.ela.png,99.5073139667511
FFC40054_071_0.ela.png,99.99970197677612
VidTIMITLowsx109-video-mwbt0_0.ela.png,99.99998807907104
DFDCddvgpsclyx_0.ela.png,4.65475469827652
FFC40080_061_0.ela.png,99.64686632156372
VidTIMITLowsx36-video-fdac1_0.ela.png,100.0
FFCRAW092_098_0.ela.png,1.421885471791029
CelebFakeTrainid2_id1_0005_0.ela.png,99.99992847442627
FFC40792_903_0.ela.png,100.0
VidTIMITHighsx99-video-mrgg0_0.ela.png,99.83987212181091
VidTIMITLowsa1-video-mccs0_0.ela.png,100.0
FFC40324_356_0.ela.png,99.99998807907104
FFCRAW506_478_0.ela.png,98.85144829750061
DeepFakeDetectionC4014_02__outside_talking_pan_laughing__3IUBEKCT_0.ela.png,19.68606263399124
FFC23611_760_0.ela.png,99.99995231628418
DFDCblfwchaqbd_1.ela.png,0.477976119145751
DeepFakeDetectionC2303_07__hugging_happy__BKLOCI1M_0.ela.png,0.4777199123054743
CelebFakeTrainid1_id2_0006_0.ela.png,99.9772846698761
CelebFakeTrainid2_id6_0006_0.ela.png,98.7821638584137
DeepFakeDetectionC4011_04__talking_angry_couch__JRQWOV1G_0.ela.png,99.99963045120239
DeepFakeDetectionC4015_20__walking_down_indoor_hall_disgust__CYD62VPP_1.ela.png,92.51291155815125
VidTIMITHighsx304-video-mrjo0_0.ela.png,100.0
DFDCbbxxwijhxf_0.ela.png,0.5310084205120802
FFCRAW080_061_0.ela.png,99.93278980255127
VidTIMITLowsi1469-video-mmdm2_0.ela.png,100.0
FFC40475_265_0.ela.png,100.0
DFDCcweqsnfrui_0.ela.png,91.78102016448975
FFC23583_558_0.ela.png,58.15014839172363
FFCRAW897_969_0.ela.png,96.60196900367737
FFCRAW839_864_0.ela.png,100.0
DeepFakeDetectionC2320_15__walking_down_indoor_hall_disgust__99NHTFBM_0.ela.png,99.99951124191284
FFCRAW294_292_0.ela.png,100.0
FFCRAW853_863_0.ela.png,78.34977507591248
DeepFakeDetectionC2320_13__walking_down_indoor_hall_disgust__NJEO6L5O_0.ela.png,99.99881982803345
VidTIMITHighsi1039-video-mpdf0_0.ela.png,100.0
FFC23262_301_0.ela.png,99.99761581420898
CelebFakeTrainid0_id6_0000_0.ela.png,100.0
CelebFakeTrainid0_id26_0008_0.ela.png,99.9617338180542
DFDCaqwjzvgeil_0.ela.png,99.99995231628418
FFC23361_448_0.ela.png,100.0
FFC23615_687_0.ela.png,99.99997615814209
DeepFakeDetectionC2326_09__talking_against_wall__C3K20JOL_0.ela.png,99.79755282402039
DFDCbfwmhauynh_0.ela.png,10.35618856549263
DeepFakeDetectionC4014_21__walk_down_hall_angry__N0WM4GSV_0.ela.png,99.98231530189514
FFCRAW792_903_0.ela.png,99.9998688697815
FFCRAW435_456_0.ela.png,100.0
VidTIMITHighsx102-video-mdab0_0.ela.png,99.99784231185913
DeepFakeDetectionC2314_03__walking_down_indoor_hall_disgust__KJ221YN0_0.ela.png,99.36527013778687
DeepFakeDetectionC4004_13__podium_speech_happy__00T3UYOR_0.ela.png,93.05005669593811
DeepFakeDetectionC4009_01__talking_against_wall__O8HNNX43_0.ela.png,99.89792108535767
CelebFakeTrainid1_id20_0009_0.ela.png,94.17401552200317
DeepFakeDetectionC4014_21__walking_and_outside_surprised__N0WM4GSV_0.ela.png,83.64842534065247
VidTIMITLowsx19-video-mwbt0_0.ela.png,100.0
VidTIMITHighsx126-video-fcmh0_0.ela.png,92.31866002082825
DeepFakeDetectionC2319_23__talking_angry_couch__F7U8UY7V_0.ela.png,99.65561628341675
CelebFakeTrainid1_id37_0007_0.ela.png,100.0
DeepFakeDetectionC4022_24__walking_and_outside_surprised__XL557XC6_0.ela.png,89.13506865501404
DeepFakeDetectionC2301_03__hugging_happy__ISF9SP4G_0.ela.png,2.933114394545555
DeepFakeDetectionC2301_02__outside_talking_still_laughing__YVGY8LOK_0.ela.png,99.99963045120239
CelebFakeTrainid1_id16_0003_0.ela.png,99.90082383155823
FFC40082_103_1.ela.png,89.35739994049072
DFDCdpsnbyivjq_0.ela.png,99.66366291046143
FFCRAW521_517_0.ela.png,99.99998807907104
FFCRAW145_299_0.ela.png,99.9984860420227
DFDCaelsditult_0.ela.png,98.93518090248108
FFCRAW981_985_0.ela.png,100.0
CelebFakeTrainid0_id23_0000_0.ela.png,0.29106761794537306
CelebFakeTrainid2_id17_0005_0.ela.png,99.99063014984131
FFC23396_272_0.ela.png,53.255075216293335
DFDCbsoliazwrw_0.ela.png,1.094276551157236
FFCRAW420_257_0.ela.png,99.40990209579468
FFC23693_698_0.ela.png,99.99998807907104
FFC40416_342_0.ela.png,98.58192205429077
FFC23664_668_0.ela.png,99.9996542930603
DFDCcwrnhrrace_0.ela.png,99.91355538368225
CelebFakeTrainid1_id21_0004_0.ela.png,99.9813973903656
DFDCagwbnwpmdr_0.ela.png,99.06376004219055
FFC40645_688_0.ela.png,100.0
DFDCaguvisboqr_0.ela.png,100.0
DeepFakeDetectionC4001_02__walk_down_hall_angry__YVGY8LOK_0.ela.png,99.94577765464783
CelebFakeTrainid1_id30_0000_0.ela.png,99.99957084655762
DeepFakeDetectionC2321_11__walking_outside_cafe_disgusted__T7DK03O1_0.ela.png,47.96638488769531
DFDCadieleznea_0.ela.png,19.425910711288452
DeepFakeDetectionC4002_06__talking_angry_couch__GH8TGTBS_0.ela.png,60.63052415847778
VidTIMITHighsx4-video-faks0_0.ela.png,100.0
DeepFakeDetectionC2302_06__podium_speech_happy__N8OSN8P6_0.ela.png,99.43488240242004
FFC40478_506_0.ela.png,100.0
DeepFakeDetectionC4015_04__talking_against_wall__46TJ9IOJ_0.ela.png,0.0034832431992981583
FFCRAW609_596_0.ela.png,99.99998807907104
FFC23806_781_0.ela.png,99.98356103897095
CelebFakeTrainid2_id3_0003_0.ela.png,100.0
FFCRAW642_635_0.ela.png,100.0
FFCRAW969_897_0.ela.png,100.0
FFCRAW827_817_0.ela.png,100.0
CelebFakeTrainid2_id1_0008_0.ela.png,99.99561309814453
DeepFakeDetectionC2304_01__secret_conversation__6I623VU9_0.ela.png,99.9480664730072
VidTIMITLowsx14-video-fcft0_0.ela.png,100.0
DeepFakeDetectionC4027_26__talking_against_wall__IE9N0ZI9_0.ela.png,5.063330754637718
FFC23178_598_0.ela.png,74.88667368888855
DeepFakeDetectionC4019_23__kitchen_pan__H4SUVFTL_0.ela.png,98.6588180065155
CelebFakeTrainid0_id4_0009_0.ela.png,99.80807304382324
FFC23482_465_0.ela.png,100.0
FFC23356_324_0.ela.png,96.24223709106445
CelebFakeTrainid2_id0_0003_0.ela.png,100.0
FFC23565_589_0.ela.png,83.53028893470764
DeepFakeDetectionC2303_07__walking_down_indoor_hall_disgust__PWXXULHR_1.ela.png,13.069824874401093
FFC40664_668_0.ela.png,88.44596743583679
FFC40452_550_0.ela.png,66.66539311408997
FFC23060_088_1.ela.png,72.32626080513
VidTIMITHighsa1-video-faks0_0.ela.png,100.0
DFDCaubmaydoyk_0.ela.png,99.30099248886108
VidTIMITLowsi2171-video-mdbb0_0.ela.png,100.0
FFC40623_630_0.ela.png,99.998939037323
DFDCbyisrktdny_0.ela.png,17.850977182388306
FFC40962_929_0.ela.png,100.0
VidTIMITHighsi2169-video-mjar0_0.ela.png,99.99998807907104
VidTIMITHighsx383-video-mpgl0_0.ela.png,99.9990463256836
VidTIMITLowsa1-video-mjar0_0.ela.png,100.0
DFDCejimmefewo_0.ela.png,23.501381278038025
DeepFakeDetectionC2322_24__walking_and_outside_surprised__XL557XC6_0.ela.png,93.45082640647888
DeepFakeDetectionC2322_24__walking_and_outside_surprised__XL557XC6_1.ela.png,1.162516139447689
CelebFakeTrainid2_id6_0004_0.ela.png,99.39061999320984
CelebFakeTrainid1_id30_0009_0.ela.png,99.99996423721313
FFC23229_247_0.ela.png,0.2933959709480405
DeepFakeDetectionC2320_15__walking_down_indoor_hall_disgust__99NHTFBM_1.ela.png,100.0
FFC40246_258_0.ela.png,99.94487166404724
DeepFakeDetectionC4017_16__walk_down_hall_angry__P141P1QH_0.ela.png,27.203136682510376
DeepFakeDetectionC2325_21__walking_outside_cafe_disgusted__2R46UX3R_0.ela.png,87.67583966255188
FFC40145_299_0.ela.png,99.99998807907104
FFC40396_272_0.ela.png,14.335870742797852
DFDCaqfqabvgdz_0.ela.png,2.4853523820638657
DeepFakeDetectionC4005_28__exit_phone_room__U9LRLJ6N_0.ela.png,100.0
DFDCdzytlzjmvt_0.ela.png,55.52467703819275
FFC23884_968_0.ela.png,86.6409420967102
VidTIMITLowsa2-video-fdrd1_0.ela.png,100.0
