filename,probability
FFCr4evQe47qE0_1.ela.png,15.792606770992279
FFCw9H1lP-eOoA_0.ela.png,2.1344417788782266e-06
FFCy3o0p9JMTTQ_0.ela.png,8.623707294464111
DFDCeckhsharba_0.ela.png,98.72577786445618
CelebRealTrain00132_0.ela.png,1.1543281376361847
DFDCcbwdcfclfp_0.ela.png,74.18864369392395
DeepfakeDetectionC4006__talking_angry_couch_0.ela.png,0.0008450355380773544
FFCx7A_JH9ENBQ_0.ela.png,1.4545103535056114
DeepfakeDetectionC2314__outside_talking_pan_laughing_0.ela.png,47.12097942829132
DeepfakeDetectionC2324__outside_talking_pan_laughing_0.ela.png,88.83528113365173
CelebRealTrainid5_0007_0.ela.png,0.12618857435882092
CelebRealTrain00295_0.ela.png,0.7193644996732473
DeepfakeDetectionC4009__talking_angry_couch_0.ela.png,99.9817430973053
DeepfakeDetectionC4003__hugging_happy_0.ela.png,2.4337593466043472
DFDCduwwgciptr_0.ela.png,14.077407121658325
FFC7KdyD85ks8E_0.ela.png,73.36418628692627
DFDCpqlddnmcos_0.ela.png,7.792285084724426
FFCxeHP_DkpScE_0.ela.png,65.61048626899719
CelebRealTrain00091_0.ela.png,1.5944810584187508
DFDCjdrzjgvsag_0.ela.png,98.92086386680603
DFDCjazatgwree_0.ela.png,5.072903633117676
FFCdTDVlnvTLzM_0.ela.png,98.6957311630249
FFCPSCVLIboCfc_0.ela.png,9.112032905989054e-07
CelebRealTrainid10_0009_0.ela.png,0.040958740282803774
FFCwnx2fsN9WP0_0.ela.png,0.670575862750411
FFCe2bGzNb0Rpg_0.ela.png,0.28583083767443895
DFDCqfbfnbvmyv_0.ela.png,0.0016371101082768291
DeepfakeDetectionC2303__secret_conversation_0.ela.png,99.24057126045227
CelebRealTrain00104_0.ela.png,0.001182289452117402
FFCmjnMO3Rd54g_0.ela.png,0.008667270594742149
DFDCeeyynsvput_0.ela.png,66.55895113945007
DFDCusckhmrgev_0.ela.png,72.22126722335815
FFCsRASRj8cG9E_0.ela.png,99.99994039535522
FFCr4evQe47qE0_0.ela.png,13.050612807273865
DFDCtkwccpqgev_0.ela.png,62.9254937171936
DeepfakeDetectionC2301__kitchen_still_0.ela.png,0.14970266493037343
CelebRealTrainid0_0002_0.ela.png,99.99833106994629
CelebRealTrain00294_0.ela.png,0.17295796424150467
DeepfakeDetectionC2309__podium_speech_happy_0.ela.png,0.10218891547992826
FFCRoHpuuIv70E_0.ela.png,0.13370646629482508
DeepfakeDetectionC2314__walking_and_outside_surprised_0.ela.png,99.99945163726807
FFCkbbvpbwh7A8_0.ela.png,1.8745988607406616
CelebRealTrainid10_0008_0.ela.png,25.512772798538208
DeepfakeDetectionC2315__walking_and_outside_surprised_1.ela.png,26.93830132484436
DFDCsvdjmhpwnb_0.ela.png,40.27468264102936
DFDCtedskkhovd_0.ela.png,0.6473620422184467
CelebRealTrain00049_0.ela.png,99.258291721344
FFCnZJJVq_Mfvg_0.ela.png,98.77656698226929
FFCmx7Yv0zAtAk_0.ela.png,99.99700784683228
CelebRealTrainid5_0003_0.ela.png,0.04562624089885503
DFDCosltzozems_0.ela.png,38.42421770095825
CelebRealTrainid6_0004_0.ela.png,0.27916699182242155
DFDCpdrwwtfzpc_0.ela.png,36.37717664241791
CelebRealTrain00114_0.ela.png,0.074948207475245
FFCx9ixX5bUHlU_0.ela.png,0.0009725211384647992
FFCuuzCB0gt8kM_0.ela.png,0.01276746770599857
DeepfakeDetectionC4021__podium_speech_happy_0.ela.png,99.99699592590332
DeepfakeDetectionC2323__outside_talking_still_laughing_0.ela.png,0.6693288218230009
CelebRealTrain00070_0.ela.png,99.99237060546875
DeepfakeDetectionC4002__meeting_serious_1.ela.png,2.492605149745941
FFCxCm6hhsi7Zw_2.ela.png,99.98207688331604
DeepfakeDetectionC2306__walking_outside_cafe_disgusted_0.ela.png,1.6834018751978874
FFCxhNkjaNQmYk_0.ela.png,69.46544051170349
FFCB00MYygHeoI_0.ela.png,7.866280525922775
DeepfakeDetectionC2308__outside_talking_still_laughing_0.ela.png,6.622164696455002
DeepfakeDetectionC2307__exit_phone_room_0.ela.png,99.99924898147583
FFCtR7z_H1qPMc_0.ela.png,0.00022597807856072905
FFCyc42sj86nHY_0.ela.png,0.06751047912985086
FFCBpa3wwb5Dt8_0.ela.png,0.0007061233645799803
DeepfakeDetectionC4017__exit_phone_room_0.ela.png,99.99996423721313
FFCxgW0lJJsGmc_2.ela.png,98.14310073852539
DeepfakeDetectionC2301__secret_conversation_0.ela.png,0.05492477212101221
CelebRealTrain00001_0.ela.png,3.0463699251413345
FFCy15orJ68Pzs_0.ela.png,0.009437149128643796
CelebRealTrain00149_0.ela.png,2.013020861113546e-05
FFCsZo7jcu_prs_0.ela.png,0.13278250116854906
FFC6DNgGcy4588_0.ela.png,0.0001577304146849201
CelebRealTrain00022_0.ela.png,10.155296325683594
FFCDv5jIIGBDLM_3.ela.png,99.97729659080505
DeepfakeDetectionC4010__talking_against_wall_0.ela.png,0.06742190453223884
DeepfakeDetectionC2308__exit_phone_room_0.ela.png,94.88314986228943
CelebRealTrain00068_0.ela.png,96.30283713340759
FFC6wPq9Hu5mBw_0.ela.png,8.756627778438997e-06
DeepfakeDetectionC4019__talking_against_wall_0.ela.png,0.6560767069458961
FFCwb2iK723AkI_0.ela.png,28.787925839424133
FFCdoSBIRhj0HE_0.ela.png,0.0061210201238282025
CelebRealTrain00163_0.ela.png,4.02105487883091
DeepfakeDetectionC4001__kitchen_still_0.ela.png,0.03263535909354687
DeepfakeDetectionC4003__secret_conversation_0.ela.png,10.902656614780426
DeepfakeDetectionRAW16__walking_down_indoor_hall_disgust_1.ela.png,6.240752339363098
DFDCiajlynqgnf_0.ela.png,1.349223218858242
DeepfakeDetectionC4016__hugging_happy_0.ela.png,0.08269569952972233
CelebRealTrainid8_0006_0.ela.png,0.0023541413611383177
DeepfakeDetectionC2301__exit_phone_room_0.ela.png,99.82116222381592
DFDCntcufdjdqa_0.ela.png,73.17975759506226
DeepfakeDetectionC2317__outside_talking_still_laughing_0.ela.png,5.076560005545616
FFCk0KqynuPnpw_0.ela.png,89.30049538612366
CelebRealTrain00058_0.ela.png,0.6540903821587563
FFC10r7mRtkE0s_0.ela.png,99.99994039535522
FFCey5n2B2z8yY_0.ela.png,0.0772509491071105
DFDCnlgklygytj_0.ela.png,86.43079996109009
FFCGunF3fefH0M_0.ela.png,91.11648201942444
DeepfakeDetectionC4014__walking_down_indoor_hall_disgust_1.ela.png,0.5086774937808514
FFCnmfPtUu2nSM_0.ela.png,99.8807430267334
CelebRealTrain00115_0.ela.png,99.9993085861206
DeepfakeDetectionC2310__outside_talking_still_laughing_0.ela.png,98.11997413635254
CelebRealTrain00144_0.ela.png,2.3997491225600243
DeepfakeDetectionC2302__walking_down_indoor_hall_disgust_1.ela.png,83.40572118759155
DeepfakeDetectionC4026__podium_speech_happy_0.ela.png,10.954588651657104
DeepfakeDetectionC4013__walking_down_indoor_hall_disgust_1.ela.png,0.34548428375273943
DeepfakeDetectionC4002__talking_angry_couch_0.ela.png,96.02406024932861
FFCpbD-H8KisWY_0.ela.png,74.68955516815186
FFCuyojEDJHIw0_0.ela.png,0.7223388180136681
DeepfakeDetectionC4009__exit_phone_room_0.ela.png,51.597803831100464
CelebRealTrain00005_0.ela.png,97.63919711112976
FFC-2Zdu3hMGVw_0.ela.png,87.36516833305359
CelebRealTrain00214_0.ela.png,0.4300466272979975
FFCmKqe2lhUJPE_0.ela.png,6.267791241407394
DeepfakeDetectionC4014__walking_and_outside_surprised_0.ela.png,99.05111193656921
DFDClgubusfcxz_0.ela.png,99.99964237213135
FFCvvT0O0n6Muc_0.ela.png,99.99860525131226
DeepfakeDetectionC2301__talking_against_wall_0.ela.png,0.15809881733730435
DeepfakeDetectionC4014__outside_talking_still_laughing_0.ela.png,17.433801293373108
DeepfakeDetectionC2301__hugging_happy_0.ela.png,2.7198422700166702
DeepfakeDetectionC4010__walking_outside_cafe_disgusted_0.ela.png,6.068047508597374
FFCI27QUH8vBAk_0.ela.png,99.47176575660706
FFCPu13KpO9Kcc_0.ela.png,100.0
CelebRealTrain00183_0.ela.png,86.66821718215942
DeepfakeDetectionC2303__meeting_serious_1.ela.png,94.92496252059937
DeepfakeDetectionC2320__walking_and_outside_surprised_0.ela.png,0.3148689866065979
FFClSJ96mPeLjA_0.ela.png,99.98233914375305
DeepfakeDetectionC4006__hugging_happy_0.ela.png,0.018748377624433488
FFC7U7PKIddWag_0.ela.png,7.075288976921001e-05
CelebRealTrain00151_0.ela.png,99.99505281448364
CelebRealTrainid6_0007_0.ela.png,87.06832528114319
FFCSW_xO1gB0y0_0.ela.png,0.000368301539310778
CelebRealTrain00064_0.ela.png,54.04943227767944
DeepfakeDetectionC2326__walking_outside_cafe_disgusted_0.ela.png,79.24798130989075
DeepfakeDetectionC4026__outside_talking_still_laughing_0.ela.png,62.95679807662964
DFDCykwbhuapcb_0.ela.png,77.02599167823792
FFCpy7dn9jPAuU_0.ela.png,0.01929138379637152
CelebRealTrainid1_0003_0.ela.png,99.99736547470093
DFDCkrcicabhwb_0.ela.png,0.042105556349270046
CelebRealTrainid5_0001_0.ela.png,100.0
FFCxgW0lJJsGmc_1.ela.png,56.8964421749115
DeepfakeDetectionRAW01__walking_outside_cafe_disgusted_0.ela.png,18.945257365703583
DeepfakeDetectionC4017__kitchen_pan_0.ela.png,6.428718566894531
DFDChbrbtikhcr_0.ela.png,18.39168220758438
CelebRealTrain00007_0.ela.png,0.9187211282551289
DeepfakeDetectionC2319__outside_talking_still_laughing_0.ela.png,43.4075266122818
DFDCdqgrcibkko_0.ela.png,24.278011918067932
DeepfakeDetectionC4023__talking_against_wall_0.ela.png,0.03861050063278526
DFDCkmonapegyg_0.ela.png,87.45110034942627
DFDCxzaivqnapk_0.ela.png,0.07846985245123506
DFDCdyslulaxmu_0.ela.png,14.759624004364014
DeepfakeDetectionC4015__walking_outside_cafe_disgusted_0.ela.png,21.60923331975937
DeepfakeDetectionC2328__podium_speech_happy_0.ela.png,98.35505485534668
DeepfakeDetectionC4002__secret_conversation_0.ela.png,22.768589854240417
DFDCbwoekgtvne_0.ela.png,0.7723008748143911
DFDCcjjbxpnyja_0.ela.png,56.52162432670593
FFCmW-aDFm2w_k_0.ela.png,1.6075642861324013e-05
CelebRealTrainid4_0008_0.ela.png,92.83227920532227
CelebRealTrain00235_0.ela.png,0.06232780870050192
DeepfakeDetectionC4019__kitchen_still_0.ela.png,4.66144911115407e-05
FFCxQi1olDt7oo_0.ela.png,57.82877802848816
FFCfy4QaDqHxVo_0.ela.png,3.91727052628994
FFCyv8BV_DKsFM_0.ela.png,1.62192452698946
DeepfakeDetectionC4008__kitchen_still_0.ela.png,0.02971649228129536
FFC1-28pATD3xM_0.ela.png,99.99674558639526
DFDCqxgtqqzxou_0.ela.png,99.99979734420776
FFC-iNBE5x-p1U_1.ela.png,82.74139165878296
DeepfakeDetectionC4017__podium_speech_happy_0.ela.png,0.0002852915713447146
FFCesvC8PN5SoM_0.ela.png,0.001970802441064734
DFDCpehmdoijqb_0.ela.png,23.98894876241684
FFCHIV2f2oU1Jc_0.ela.png,2.7131762355566025
FFCgOftqcLvsSE_0.ela.png,1.9978452225899446e-07
DeepfakeDetectionC4023__kitchen_still_0.ela.png,9.902440756559372
FFCRBTDZo0IqmA_1.ela.png,99.98257756233215
CelebRealTrain00084_0.ela.png,0.4928433336317539
DFDCfwmqyespvd_0.ela.png,98.33422899246216
FFCz10FlGaSfsw_0.ela.png,32.30587542057037
DeepfakeDetectionC4023__podium_speech_happy_0.ela.png,0.02566200855653733
DeepfakeDetectionC4012__talking_angry_couch_0.ela.png,95.8773672580719
CelebRealTrainid9_0009_0.ela.png,100.0
CelebRealTrain00296_0.ela.png,36.60511672496796
FFCyX3GBqrETss_0.ela.png,99.99996423721313
DeepfakeDetectionRAW23__talking_against_wall_0.ela.png,1.3338511628546712e-06
CelebRealTrain00003_0.ela.png,0.030086460174061358
FFCY5AOS_GA9Kw_0.ela.png,0.12108900118619204
FFCFtaRM4aj3AE_0.ela.png,57.00392723083496
CelebRealTrainid6_0000_0.ela.png,10.667304694652557
FFCcKEOpX4isuE_0.ela.png,1.484743133187294
FFCwcFT49V270w_0.ela.png,6.88498392701149
DeepfakeDetectionC4011__talking_against_wall_0.ela.png,0.11818851344287395
FFCDoAGFnn0LJs_0.ela.png,6.506692618131638
FFCowg96_aXQcw_0.ela.png,2.871919237077236
DeepfakeDetectionC2316__walking_and_outside_surprised_1.ela.png,0.823475793004036
FFCvcdcGKDA2ys_0.ela.png,0.003167403701809235
DFDCtavsxtaoup_0.ela.png,88.957679271698
CelebRealTrainid6_0001_0.ela.png,0.13151322491467
FFCLZccqrB4n2Q_0.ela.png,3.0461374670267105
FFCA9uJt6LiPK4_0.ela.png,0.00027586668238654966
CelebRealTrain00015_0.ela.png,88.68899941444397
DFDCwevscpnakv_0.ela.png,70.22519111633301
DeepfakeDetectionC4020__outside_talking_still_laughing_0.ela.png,1.781921461224556
FFCOzFEEXYBqV8_0.ela.png,11.231372505426407
FFCLVmUIqNKPew_0.ela.png,0.08946782327257097
DFDCymgzshhkxh_0.ela.png,0.026019959477707744
DeepfakeDetectionC4015__talking_angry_couch_0.ela.png,0.3246000735089183
FFCxpr2-JQHu2M_1.ela.png,88.5713517665863
FFCDfN6Xn9bgTc_0.ela.png,99.97957348823547
DeepfakeDetectionC2313__walking_and_outside_surprised_1.ela.png,0.42760297656059265
DeepfakeDetectionC2326__talking_angry_couch_0.ela.png,97.67320156097412
CelebRealTrainid3_0004_0.ela.png,99.59053993225098
DeepfakeDetectionC2327__talking_angry_couch_0.ela.png,99.95390176773071
DeepfakeDetectionC4016__walking_and_outside_surprised_0.ela.png,69.17849779129028
FFC8-n1eJ93hLo_0.ela.png,1.3110144969630255e-06
DeepfakeDetectionC4012__podium_speech_happy_0.ela.png,0.019544533279258758
DeepfakeDetectionC4013__talking_against_wall_0.ela.png,1.1111000552773476
DFDCfmxdhyldpx_0.ela.png,44.777512550354004
DeepfakeDetectionC4016__walking_outside_cafe_disgusted_0.ela.png,95.64964771270752
CelebRealTrain00173_0.ela.png,1.392092276364565
FFCETvU9F-gAyY_0.ela.png,15.375465154647827
CelebRealTrain00200_0.ela.png,0.03196104080416262
CelebRealTrain00029_0.ela.png,12.536703050136566
DFDCbzcolqetwd_0.ela.png,7.39670991897583
DeepfakeDetectionC4004__kitchen_still_0.ela.png,3.288470581173897
DFDCvznzkukogh_0.ela.png,12.52451092004776
DeepfakeDetectionRAW18__outside_talking_pan_laughing_0.ela.png,99.60691928863525
DeepfakeDetectionC2302__walking_and_outside_surprised_1.ela.png,2.0449941977858543
FFCRWM1ZTfBuG8_0.ela.png,4.05753068625927
CelebRealTrain00121_0.ela.png,13.996228575706482
CelebRealTrainid8_0001_0.ela.png,0.2802973613142967
DFDCedvjqxbppi_0.ela.png,100.0
FFCDTndc8nQqqI_0.ela.png,2.1991513676766772e-05
DeepfakeDetectionC2316__talking_against_wall_0.ela.png,3.204008936882019
FFCiX6eJ38E3Rs_0.ela.png,88.09822201728821
FFCpRrc0B9FlOU_1.ela.png,99.19312596321106
CelebRealTrain00000_0.ela.png,0.7903420366346836
CelebRealTrain00209_0.ela.png,1.0739387013018131
DFDCwzduhzgxfo_0.ela.png,96.87179327011108
FFCd15H3qJfk14_0.ela.png,99.99996423721313
CelebRealTrain00154_0.ela.png,99.41957592964172
DFDCxtnsmeopnl_0.ela.png,99.94995594024658
FFCjX0VDVoTGSk_0.ela.png,98.47702980041504
FFCeNfcR9YIzic_0.ela.png,0.0008806641744740773
DeepfakeDetectionC2303__podium_speech_happy_0.ela.png,79.09543514251709
FFCezu083rBXs0_0.ela.png,84.15408730506897
DFDCqdcizgkyvh_0.ela.png,0.3382185474038124
FFCyWhrBZyyzbM_0.ela.png,23.296380043029785
DeepfakeDetectionC4017__kitchen_still_0.ela.png,2.817321754992008
DeepfakeDetectionC4007__hugging_happy_0.ela.png,0.0031999050406739116
DeepfakeDetectionC4003__walking_down_indoor_hall_disgust_0.ela.png,94.8816180229187
FFCjzNdIT6wDZM_1.ela.png,24.891269207000732
CelebRealTrainid1_0000_0.ela.png,99.99957084655762
FFCyIIe8JmCZTs_0.ela.png,0.1380610396154225
FFC9MXHGPK3oHw_0.ela.png,7.36737129636289e-09
DFDCfgdhdoqpsf_0.ela.png,4.166944697499275
FFCviq-Tn_w1MM_0.ela.png,17.75059551000595
DeepfakeDetectionC2317__kitchen_still_0.ela.png,0.03443416499067098
FFCHGAxJCF9rGM_0.ela.png,3.128693625330925
FFCkGzwAl0fSCI_0.ela.png,0.03644628741312772
CelebRealTrainid6_0009_0.ela.png,1.2170796282589436
DeepfakeDetectionC4026__walking_outside_cafe_disgusted_0.ela.png,22.963637113571167
DeepfakeDetectionC2320__walking_and_outside_surprised_1.ela.png,0.02424777630949393
DeepfakeDetectionC4013__talking_angry_couch_0.ela.png,94.88728046417236
DeepfakeDetectionC4024__podium_speech_happy_0.ela.png,0.0284205365460366
FFCGYoceL31dAo_0.ela.png,99.99802112579346
DFDCcrxtvlwpgc_0.ela.png,0.004031437856610864
CelebRealTrain00073_0.ela.png,2.2266868501901627
FFCJKq8DBJkN4g_0.ela.png,0.02212511608377099
DeepfakeDetectionC4005__kitchen_pan_0.ela.png,3.269253671169281
FFCX7DtwdViCjI_0.ela.png,98.02480340003967
FFChSm06cTG1TE_0.ela.png,0.039669376565143466
FFC-hZZ-11yg0I_0.ela.png,72.9373037815094
FFCnHu86AonGEM_0.ela.png,60.30924916267395
FFCvJv2Bemw7MU_0.ela.png,1.5469427220523357
FFCq9J9OROAF3w_0.ela.png,1.412997767329216
DFDCwawfomauar_0.ela.png,10.139889270067215
CelebRealTrain00032_0.ela.png,99.99181032180786
DeepfakeDetectionC2314__talking_angry_couch_0.ela.png,0.3043962875381112
FFCyrkevMmkVMU_0.ela.png,0.8897303603589535
DFDChjrkzsbpvt_0.ela.png,3.49205881357193
FFCC70f0BKgFXg_0.ela.png,2.6814810931682587
DeepfakeDetectionC4020__walking_outside_cafe_disgusted_0.ela.png,16.04917049407959
FFCrBgM58w-gvM_0.ela.png,8.489474654197693
FFCdk7BdYp5h3k_0.ela.png,0.010302035661879927
CelebRealTrain00031_0.ela.png,98.59310388565063
DeepfakeDetectionC2305__outside_talking_still_laughing_0.ela.png,99.99852180480957
DFDCtfbbffzdph_0.ela.png,11.758385598659515
CelebRealTrainid5_0000_0.ela.png,100.0
FFCDv5jIIGBDLM_0.ela.png,0.0034100663469871506
FFCgxILOss2qM8_3.ela.png,2.773713693022728
FFClnCKJgarohQ_0.ela.png,5.6148529052734375
DeepfakeDetectionC4018__outside_talking_still_laughing_0.ela.png,11.700034141540527
CelebRealTrain00210_0.ela.png,0.42633749544620514
DeepfakeDetectionC2302__talking_against_wall_0.ela.png,0.0009245572982763406
FFCVhE3cYpl7UM_0.ela.png,52.73976922035217
DeepfakeDetectionC2314__outside_talking_still_laughing_0.ela.png,0.2695044269785285
CelebRealTrain00113_0.ela.png,99.95813965797424
DeepfakeDetectionRAW01__hugging_happy_0.ela.png,22.801339626312256
CelebRealTrainid4_0005_0.ela.png,70.27830481529236
CelebRealTrainid2_0009_0.ela.png,99.01279807090759
CelebRealTrain00140_0.ela.png,0.09325618157163262
FFC2CoPkWzrzew_0.ela.png,0.0005320458058122313
FFCC3vd0HQ0yVM_0.ela.png,12.366322427988052
FFCIdQWDGDD8NA_0.ela.png,0.05038647796027362
FFCKzZ9hNuWfAY_0.ela.png,2.8068389743566513
DeepfakeDetectionC4003__talking_angry_couch_0.ela.png,67.27204918861389
DeepfakeDetectionC4015__walking_and_outside_surprised_1.ela.png,48.66093993186951
FFCxQHrfDT6XJ0_0.ela.png,0.12282422976568341
CelebRealTrainid5_0002_0.ela.png,1.1874692514538765
DeepfakeDetectionC2321__outside_talking_still_laughing_0.ela.png,99.99481439590454
FFClRFGkvACXt0_0.ela.png,0.000198845236809575
DeepfakeDetectionC4011__talking_angry_couch_0.ela.png,0.01274427049793303
FFChlkn5Ky5Z1Q_0.ela.png,0.49770460464060307
DeepfakeDetectionC4005__kitchen_still_0.ela.png,99.69691634178162
DeepfakeDetectionC2313__walking_down_indoor_hall_disgust_0.ela.png,1.0297764863054226e-07
DeepfakeDetectionC4021__kitchen_still_0.ela.png,0.3588132793083787
CelebRealTrain00120_0.ela.png,0.0002073435325655737
DeepfakeDetectionC2308__kitchen_still_0.ela.png,0.29974307399243116
DeepfakeDetectionC4027__talking_against_wall_0.ela.png,3.1922850757837296
DFDCtdtgtgnoys_0.ela.png,19.060488045215607
CelebRealTrain00085_0.ela.png,18.26535016298294
DFDCdpiaqritba_0.ela.png,66.92659854888916
FFCqZt442xDsAw_0.ela.png,8.811176712697488e-05
DFDCtmpsfqbcul_0.ela.png,11.994656175374985
FFCxCm6hhsi7Zw_0.ela.png,0.03193761804141104
DeepfakeDetectionC4013__walking_down_indoor_hall_disgust_0.ela.png,0.04785827186424285
DeepfakeDetectionC4006__outside_talking_still_laughing_0.ela.png,2.3722203448414803
FFCt0YYLT7MEW4_0.ela.png,82.87842869758606
DFDCuyrfbdbgsl_0.ela.png,0.08726140949875116
FFC9Q10HCcHtpY_0.ela.png,0.0016709389456082135
FFCdnrgup3Njao_0.ela.png,0.00032418897717434447
FFCJns1_Pc7EEA_0.ela.png,32.15770721435547
DFDCyqximgmtgv_0.ela.png,7.528195530176163
CelebRealTrainid9_0004_0.ela.png,0.21482703741639853
FFCFTwDVMUysfk_1.ela.png,9.145276993513107
DeepfakeDetectionC4022__talking_against_wall_0.ela.png,93.65822076797485
CelebRealTrain00087_0.ela.png,8.058858662843704
CelebRealTrain00131_0.ela.png,0.01232240756507963
DFDCvbfixmtici_0.ela.png,2.7854954823851585
DFDCdcpnedehxa_0.ela.png,42.551395297050476
FFCstTeA9w9HbU_0.ela.png,93.04624199867249
CelebRealTrain00054_0.ela.png,3.3758915960788727
DFDCdsicaqgnpp_0.ela.png,34.235092997550964
DeepfakeDetectionC4023__walking_down_indoor_hall_disgust_1.ela.png,0.2557258354499936
DeepfakeDetectionC2318__kitchen_still_0.ela.png,0.3259462770074606
FFCOG9L99YWmM8_0.ela.png,4.06382791697979
CelebRealTrain00234_0.ela.png,4.136418923735619
DeepfakeDetectionC2314__walking_down_indoor_hall_disgust_1.ela.png,97.94674515724182
DFDClgjwrptfxi_0.ela.png,99.81908202171326
DeepfakeDetectionC4014__kitchen_still_0.ela.png,99.99860525131226
CelebRealTrain00298_0.ela.png,47.00283408164978
FFCkdA6YB0wJco_0.ela.png,0.040736625669524074
DeepfakeDetectionC2303__meeting_serious_0.ela.png,99.99949932098389
DFDCetgotupzvn_0.ela.png,100.0
CelebRealTrain00080_0.ela.png,4.248382896184921
DFDCqsodarajtu_0.ela.png,0.21703741513192654
DeepfakeDetectionC2323__podium_speech_happy_0.ela.png,99.99591112136841
DeepfakeDetectionC4006__walking_down_indoor_hall_disgust_0.ela.png,1.3281458988785744
FFCiHJJYPuLmuQ_0.ela.png,52.06608772277832
DeepfakeDetectionC2311__kitchen_pan_0.ela.png,0.14127970207482576
FFCsZDvg03saDA_0.ela.png,0.0019519591660355218
DeepfakeDetectionC4008__talking_against_wall_0.ela.png,1.000927947461605
DeepfakeDetectionC2322__walking_and_outside_surprised_0.ela.png,11.510873585939407
DFDCpcisxemswa_0.ela.png,45.4003632068634
CelebRealTrain00033_0.ela.png,0.11699865572154522
DFDChrkwaqpljg_0.ela.png,92.60690808296204
DFDCafmhdngiib_0.ela.png,0.07212430355139077
FFC-C5sgroT610_0.ela.png,99.99995231628418
DeepfakeDetectionC2317__walking_and_outside_surprised_0.ela.png,0.018203600484412163
DFDCqdlefybhht_0.ela.png,99.7115969657898
FFC3nRtQQh5VPY_0.ela.png,0.037156534381210804
DeepfakeDetectionC4022__outside_talking_still_laughing_0.ela.png,0.244437949731946
CelebRealTrainid8_0002_0.ela.png,99.24803972244263
CelebRealTrain00247_0.ela.png,89.96755480766296
FFCyq2rKzQrYVg_0.ela.png,0.17207158962264657
FFCUn5QIB0wQ-k_0.ela.png,0.44412771239876747
DFDCtkmhqwsxqe_0.ela.png,0.7488202769309282
FFCR7mP4ugFNfo_0.ela.png,96.24102115631104
FFCxjz-aRpylBg_0.ela.png,0.08217757567763329
DeepfakeDetectionC4021__walking_down_indoor_hall_disgust_1.ela.png,99.99803304672241
FFCLSbqFFI5umQ_0.ela.png,0.3353475360199809
FFCEdIjwvd-XYw_0.ela.png,0.06653452292084694
DeepfakeDetectionC2324__podium_speech_happy_0.ela.png,0.004350898962002248
DFDCrvjyvhspha_0.ela.png,3.4634698182344437
FFCofROXMIk6Ww_0.ela.png,0.0006361849045788404
DeepfakeDetectionC4023__hugging_happy_0.ela.png,0.4736616276204586
DFDCdgdnfijnft_0.ela.png,7.618863880634308
CelebRealTrain00231_0.ela.png,96.25329971313477
DeepfakeDetectionC4011__exit_phone_room_0.ela.png,92.96823740005493
FFCXCu-hUr0afM_0.ela.png,98.73954057693481
CelebRealTrainid4_0002_0.ela.png,26.844939589500427
FFCxQHrfDT6XJ0_1.ela.png,0.10798558359965682
FFCXF_ctM1GMg8_0.ela.png,28.928372263908386
FFCu7tnUA1rdDw_0.ela.png,0.013752710947301239
FFCxCm6hhsi7Zw_1.ela.png,0.0002292671979375882
DeepfakeDetectionC2301__walking_down_indoor_hall_disgust_1.ela.png,83.40572118759155
DeepfakeDetectionC2322__walking_down_indoor_hall_disgust_1.ela.png,2.4885624647140503
FFCH_tr_yumvt0_0.ela.png,91.70214533805847
FFCjejG-SSlklo_0.ela.png,0.10208333842456341
FFC8Otuh0svaNs_0.ela.png,0.019884972425643355
DeepfakeDetectionC4012__outside_talking_still_laughing_0.ela.png,0.28107836842536926
DFDCckesjfigst_0.ela.png,97.47592210769653
DeepfakeDetectionC4006__kitchen_still_0.ela.png,98.84405136108398
DeepfakeDetectionC4014__walking_and_outside_surprised_1.ela.png,99.30926561355591
CelebRealTrain00081_0.ela.png,93.93855929374695
CelebRealTrain00219_0.ela.png,92.29406714439392
DeepfakeDetectionC2301__outside_talking_still_laughing_0.ela.png,1.7601791769266129
DeepfakeDetectionC2311__outside_talking_still_laughing_0.ela.png,95.76534032821655
FFCJKsfXX792AU_0.ela.png,0.003246856067562476
CelebRealTrainid3_0007_0.ela.png,66.97087287902832
CelebRealTrain00230_0.ela.png,49.4441956281662
FFCyueeQKJK-wc_1.ela.png,86.38597130775452
DFDCoamolpnueb_0.ela.png,14.324989914894104
DeepfakeDetectionC2312__talking_against_wall_0.ela.png,0.001382228310831124
DFDCekbylzhjgp_0.ela.png,0.006654884055024013
DeepfakeDetectionC2304__talking_angry_couch_0.ela.png,0.2438579685986042
FFCl9h_svYodFQ_0.ela.png,0.018514558905735612
DFDCimwccvidud_0.ela.png,66.59125089645386
FFCCZcVqQluNqU_0.ela.png,0.0005414623046817724
DFDCfksbgzstce_0.ela.png,91.51344299316406
CelebRealTrain00229_0.ela.png,0.053544307593256235
DFDCfhncznvida_0.ela.png,99.98910427093506
FFCicz8EY9uaRY_0.ela.png,0.00468812468170654
FFCywyWULfwE74_0.ela.png,6.407047976608737e-05
DFDCcmoskyzgrs_0.ela.png,0.024794935598038137
DFDCzvktgcmsll_0.ela.png,41.51907563209534
DeepfakeDetectionC4005__walking_outside_cafe_disgusted_0.ela.png,68.8043475151062
FFCukjUkWWRs9w_0.ela.png,5.305220796003596e-06
FFCJxlegQADtzQ_0.ela.png,0.1387863652780652
DeepfakeDetectionC2325__podium_speech_happy_0.ela.png,7.98206701874733
DeepfakeDetectionC2316__walking_and_outside_surprised_0.ela.png,0.01820367033360526
DeepfakeDetectionC2314__kitchen_still_0.ela.png,0.1531923422589898
CelebRealTrain00199_0.ela.png,67.61183142662048
DFDCcbivilebbl_0.ela.png,0.00019955534753535176
FFCtD8GJldUl-4_0.ela.png,1.5519006177783012
FFCRRAysUaj2DA_0.ela.png,92.28410124778748
CelebRealTrainid9_0002_0.ela.png,0.650499714538455
FFCzgkHFG3upQ0_0.ela.png,6.49731382727623
DeepfakeDetectionC2313__walking_down_indoor_hall_disgust_1.ela.png,98.63786697387695
CelebRealTrain00013_0.ela.png,0.035612902138382196
FFCtwX4w9Ti2bk_0.ela.png,0.009094468259718269
FFC6oX4unjn8hE_0.ela.png,99.99916553497314
DeepfakeDetectionC4018__exit_phone_room_0.ela.png,2.3424509912729263
DeepfakeDetectionC2324__talking_against_wall_0.ela.png,2.3202192038297653
FFCsaQyF1FPiqw_0.ela.png,15.64515233039856
FFCR94FhivB5dw_0.ela.png,99.8650848865509
FFC1vpfHf42UuI_0.ela.png,99.9984622001648
FFCuENBtxJ1FnA_0.ela.png,64.70984816551208
DFDCrnzzuxmigr_0.ela.png,4.340577125549316
FFCjqK7MmsATeM_0.ela.png,67.86249876022339
CelebRealTrain00123_0.ela.png,7.985391467809677
FFCoYSYP57tb2I_0.ela.png,24.226370453834534
FFCVa8XVrFoErU_0.ela.png,92.6112949848175
DeepfakeDetectionC2304__exit_phone_room_0.ela.png,99.99570846557617
FFCFg4hl4bmObU_0.ela.png,56.084948778152466
FFCd0r7XunetJw_0.ela.png,13.786797225475311
FFCg7kkCQ93QfU_0.ela.png,0.0002195104343627463
FFCs4q57iw3Kxw_0.ela.png,0.00021038142676843563
FFCqscAYU5D2oM_0.ela.png,100.0
FFCbbAebmBN4rs_0.ela.png,0.6112502887845039
FFCvJv2Bemw7MU_1.ela.png,1.786811649799347
DFDCfpoinoxtsh_0.ela.png,2.0731884986162186
CelebRealTrainid8_0008_0.ela.png,0.34784753806889057
CelebRealTrain00142_0.ela.png,0.037112177233211696
DFDCphdeeqinbn_0.ela.png,99.99723434448242
FFCui_r92Li-Gc_0.ela.png,2.2123677112517726e-06
CelebRealTrain00004_0.ela.png,2.6124095544219017
FFCiHN8A0ZLDU0_0.ela.png,97.98130989074707
CelebRealTrain00299_0.ela.png,100.0
CelebRealTrain00195_0.ela.png,100.0
FFCgxILOss2qM8_0.ela.png,99.26154613494873
CelebRealTrain00130_0.ela.png,99.86873269081116
FFCzRUomg6M3j0_0.ela.png,99.99955892562866
DeepfakeDetectionC4022__outside_talking_pan_laughing_0.ela.png,99.99760389328003
FFC--b1Ua-kWJE_0.ela.png,1.9955279305577278
DFDCulgpzmdawn_0.ela.png,39.433443546295166
DeepfakeDetectionC2306__talking_angry_couch_0.ela.png,5.562696605920792
DFDCnwghsgcurj_0.ela.png,0.003153238503728062
DeepfakeDetectionC2306__podium_speech_happy_0.ela.png,97.73683547973633
CelebRealTrainid9_0003_0.ela.png,34.3999445438385
DFDCjaoyqdyzvg_1.ela.png,3.5281140357255936
DFDCrdlpqszngw_0.ela.png,68.08122992515564
FFCq_OD0ZA4y6g_0.ela.png,0.0018953629478346556
FFCrZOn1IbnUic_0.ela.png,0.02489679609425366
CelebRealTrainid2_0006_0.ela.png,13.881760835647583
DeepfakeDetectionC2301__podium_speech_happy_0.ela.png,0.04979762015864253
FFC03pM6Vgv8-g_0.ela.png,0.19883362110704184
DeepfakeDetectionC4015__podium_speech_happy_0.ela.png,59.13126468658447
DeepfakeDetectionRAW05__kitchen_still_0.ela.png,0.006564667273778468
DeepfakeDetectionC2322__walking_and_outside_surprised_1.ela.png,0.47117965295910835
CelebRealTrainid5_0009_0.ela.png,1.7502635717391968
DeepfakeDetectionC2303__kitchen_pan_0.ela.png,6.424688194783812e-05
FFCv-y4B942nxM_0.ela.png,8.004799383343197e-05
DeepfakeDetectionC2323__talking_against_wall_0.ela.png,0.00048787642299430445
DFDCgksijxwvyf_0.ela.png,0.019345854525454342
DFDCyyrltwsdvx_0.ela.png,9.112352877855301
DeepfakeDetectionC2308__podium_speech_happy_0.ela.png,10.135822743177414
DFDCqutxrcooob_0.ela.png,0.5305822007358074
DeepfakeDetectionC2311__exit_phone_room_0.ela.png,99.99995231628418
CelebRealTrain00297_0.ela.png,6.813730299472809
DeepfakeDetectionC2316__walking_down_indoor_hall_disgust_1.ela.png,50.024908781051636
DeepfakeDetectionC4025__podium_speech_happy_0.ela.png,0.03508979280013591
DFDCkamuyiutyi_0.ela.png,79.3355941772461
DFDCjoefnqfnzy_0.ela.png,100.0
FFCk9ptMDYq2yI_0.ela.png,43.528616428375244
DeepfakeDetectionC4021__walking_and_outside_surprised_1.ela.png,12.350897490978241
FFCXgor7M--cI4_0.ela.png,99.90146160125732
DFDCgnrbhysdok_0.ela.png,81.88279271125793
FFCyJE0HDRzqSY_0.ela.png,99.9779760837555
FFCviq-Tn_w1MM_1.ela.png,21.574757993221283
FFCkJZb3vFfp3U_0.ela.png,95.6167459487915
DeepfakeDetectionC2310__talking_against_wall_0.ela.png,0.03026962513104081
DFDCtbskaescql_0.ela.png,6.805989146232605
FFCy4PqkuhOzNc_1.ela.png,87.48252391815186
CelebRealTrain00046_0.ela.png,2.1439163333525357e-05
FFCkuQdKwof1Bk_0.ela.png,13.486498594284058
DFDCgyokfwvgfk_0.ela.png,29.511240124702454
CelebRealTrain00109_0.ela.png,99.99880790710449
FFCho9SuTPJyFw_0.ela.png,99.97312426567078
CelebRealTrain00187_0.ela.png,1.577063836157322
DFDCmvdxfumtyi_0.ela.png,97.6355254650116
FFCDdhwFUtoKzk_0.ela.png,12.453780323266983
FFC1OHrQ7iIP6I_0.ela.png,1.4031398110091686
DeepfakeDetectionC4016__kitchen_still_0.ela.png,47.9623407125473
DeepfakeDetectionC4008__podium_speech_happy_0.ela.png,13.869446516036987
DeepfakeDetectionC4009__podium_speech_happy_0.ela.png,97.43324518203735
FFC-iNBE5x-p1U_0.ela.png,100.0
FFCCFlVYLX4fQs_0.ela.png,0.9842803701758385
CelebRealTrainid1_0004_0.ela.png,100.0
FFCFshh4w2zEbg_0.ela.png,10.753626376390457
CelebRealTrain00002_0.ela.png,99.9937653541565
FFClSSkOzo_Hwc_0.ela.png,100.0
DFDCkdqgcnowmr_0.ela.png,96.4664876461029
FFCkf77KbTzc_w_0.ela.png,99.96936321258545
DFDCliwkgmampt_0.ela.png,12.36574500799179
CelebRealTrainid10_0004_0.ela.png,99.99037981033325
CelebRealTrain00160_0.ela.png,0.0647683278657496
DeepfakeDetectionC4003__talking_against_wall_0.ela.png,0.0013784791917714756
DeepfakeDetectionRAW08__talking_against_wall_0.ela.png,6.82312943922625e-06
DeepfakeDetectionC2302__secret_conversation_0.ela.png,83.44917297363281
FFCca45Slea2vo_0.ela.png,13.950367271900177
FFCjzNdIT6wDZM_0.ela.png,99.93048906326294
DeepfakeDetectionRAW02__walking_and_outside_surprised_0.ela.png,0.26189861819148064
DFDCrudtljomnj_0.ela.png,99.99845027923584
FFCxX6eSLM7ef4_0.ela.png,99.99656677246094
FFChncv-bDkrPw_0.ela.png,7.192982707238116e-05
DeepfakeDetectionC2328__kitchen_pan_0.ela.png,7.078815996646881
DFDCifgjbescbh_0.ela.png,100.0
DeepfakeDetectionRAW16__walking_down_indoor_hall_disgust_0.ela.png,15.11010229587555
CelebRealTrain00198_0.ela.png,0.005671190592693165
DFDCgjmcfoklto_0.ela.png,0.03941245086025447
FFCfnmdiokiA3Y_0.ela.png,98.71971607208252
DeepfakeDetectionC4007__outside_talking_still_laughing_0.ela.png,3.559325262904167
CelebRealTrain00014_0.ela.png,19.63190883398056
DeepfakeDetectionC4024__kitchen_pan_0.ela.png,6.892374670997015e-06
CelebRealTrainid2_0007_0.ela.png,99.99967813491821
DeepfakeDetectionC2310__talking_angry_couch_0.ela.png,94.59152221679688
CelebRealTrainid3_0006_0.ela.png,99.99985694885254
FFCA0WteaMNXXw_0.ela.png,0.06433489033952355
FFCCYxf0PAbKdY_0.ela.png,0.04107714048586786
DeepfakeDetectionC2312__outside_talking_still_laughing_0.ela.png,0.5280768033117056
DFDCllutmjhhpp_0.ela.png,29.663580656051636
FFCsKEJysz0DCE_0.ela.png,99.41766262054443
DeepfakeDetectionRAW17__talking_against_wall_0.ela.png,0.002084416337311268
DeepfakeDetectionC4019__podium_speech_happy_0.ela.png,0.5733203142881393
DeepfakeDetectionC4001__talking_against_wall_0.ela.png,0.0004998376880394062
DeepfakeDetectionC4017__walking_and_outside_surprised_1.ela.png,59.97117757797241
DeepfakeDetectionC2323__hugging_happy_0.ela.png,2.174448532343831e-06
CelebRealTrain00169_0.ela.png,8.028471117083047e-10
CelebRealTrainid7_0007_0.ela.png,0.02580885775387287
CelebRealTrain00094_0.ela.png,8.725178986787796
DeepfakeDetectionRAW21__talking_angry_couch_0.ela.png,25.098314881324768
CelebRealTrain00112_0.ela.png,0.9505239315330982
CelebRealTrain00215_0.ela.png,69.30001378059387
CelebRealTrain00099_0.ela.png,0.00011987719972239574
CelebRealTrainid3_0009_0.ela.png,100.0
DFDCztwkyjdgum_0.ela.png,29.88106906414032
DFDCkosmfnsuew_0.ela.png,5.5145688354969025
CelebRealTrainid4_0000_0.ela.png,95.28782963752747
DFDCqbjdtscers_0.ela.png,5.088925361633301
CelebRealTrain00042_0.ela.png,0.40004169568419456
FFCnFMnGujHz0o_0.ela.png,92.24337339401245
DeepfakeDetectionC2304__secret_conversation_0.ela.png,9.411139041185379
DeepfakeDetectionC2322__walking_and_outside_surprised_2.ela.png,0.0030204144422896206
DeepfakeDetectionC2312__kitchen_still_0.ela.png,0.536637008190155
FFCC7AkdfPv7FY_0.ela.png,0.9304314851760864
FFCqb_sn9hVqh0_1.ela.png,0.24263933300971985
DFDCajzpuemmbg_0.ela.png,85.88884472846985
FFCGZtz6sgFJUE_0.ela.png,2.3438138887286186
FFCJcDp6duudXs_0.ela.png,3.7455049550771946e-05
DeepfakeDetectionC2313__walking_and_outside_surprised_0.ela.png,99.99985694885254
CelebRealTrain00102_0.ela.png,0.07598718511871994
CelebRealTrainid5_0004_0.ela.png,0.04122813406866044
DFDCzbedudwede_0.ela.png,0.026011723093688488
FFCPhsRrmq1YRI_0.ela.png,47.659531235694885
FFCIMnplOSVc8M_0.ela.png,3.135901317000389
FFCgbQK8ucIcAw_0.ela.png,5.388391390442848
DFDCeojtfnpgbb_0.ela.png,7.538758963346481
DeepfakeDetectionC4021__walking_and_outside_surprised_0.ela.png,97.3279356956482
DeepfakeDetectionC2317__walking_and_outside_surprised_1.ela.png,0.823482871055603
DeepfakeDetectionC2320__hugging_happy_0.ela.png,0.02130079665221274
DeepfakeDetectionC4021__walking_down_indoor_hall_disgust_0.ela.png,99.96932744979858
FFCw2h4xISxMtc_0.ela.png,0.002978254087793175
FFCiuV6g_AP3Oo_0.ela.png,0.2851651515811682
DeepfakeDetectionC4007__podium_speech_happy_0.ela.png,81.9165050983429
FFCHKm5Ax0EfWg_0.ela.png,0.4211434628814459
DeepfakeDetectionC2319__kitchen_still_0.ela.png,0.02299640473211184
DeepfakeDetectionC4005__talking_against_wall_0.ela.png,75.6546676158905
DeepfakeDetectionC4015__talking_against_wall_0.ela.png,0.04296812694519758
CelebRealTrain00162_0.ela.png,0.0005153143320058007
DeepfakeDetectionC4020__outside_talking_pan_laughing_0.ela.png,0.033481212449260056
FFCRBTDZo0IqmA_2.ela.png,75.28989315032959
CelebRealTrain00179_0.ela.png,0.002606344423838891
DFDCzrivvmjwai_0.ela.png,85.69255471229553
FFCwOBTdvyWWNk_0.ela.png,1.772819273173809
DeepfakeDetectionC2318__secret_conversation_0.ela.png,12.271358072757721
FFCWi63l8M75HE_0.ela.png,0.4504343494772911
CelebRealTrainid0_0008_0.ela.png,99.99116659164429
DeepfakeDetectionC2302__hugging_happy_0.ela.png,55.476248264312744
CelebRealTrain00026_0.ela.png,7.138227671384811
DeepfakeDetectionC2314__walking_down_indoor_hall_disgust_0.ela.png,0.0005886950475542108
DeepfakeDetectionC2318__outside_talking_pan_laughing_0.ela.png,99.48171973228455
DeepfakeDetectionC4022__kitchen_still_0.ela.png,95.06656527519226
DeepfakeDetectionC2305__podium_speech_happy_0.ela.png,99.99885559082031
DFDCzjuaieuvfy_0.ela.png,98.64479303359985
DeepfakeDetectionC4016__walking_and_outside_surprised_1.ela.png,59.97093915939331
CelebRealTrainid4_0007_0.ela.png,99.25562739372253
FFCgfBYmwOsbRI_0.ela.png,18.86926293373108
DFDCowgefmanby_0.ela.png,27.02312469482422
DeepfakeDetectionC2306__outside_talking_still_laughing_0.ela.png,0.7561888545751572
DFDCwvwpsklbax_0.ela.png,99.60059523582458
DFDCksuxvpsdeg_0.ela.png,99.99655485153198
DFDCruzykmxhwl_0.ela.png,0.008241287287091836
DFDCytikzhctma_0.ela.png,5.575399100780487
FFCUH4LOaknTg4_0.ela.png,100.0
FFCQw9bdN8sCQM_0.ela.png,14.297851920127869
DeepfakeDetectionC2314__walking_and_outside_surprised_1.ela.png,14.906275272369385
CelebRealTrainid4_0009_0.ela.png,99.99998807907104
CelebRealTrain00201_0.ela.png,0.0355531316017732
DFDCacefbeffbr_0.ela.png,2.037176862359047
DFDCcwuoawokkl_0.ela.png,31.4505934715271
FFC2iBnQpy8OMw_0.ela.png,0.00038910366129130125
FFCBjgzj7vCRKM_0.ela.png,86.55552268028259
FFCbm8XIEsP7Vo_0.ela.png,20.616063475608826
CelebRealTrain00062_0.ela.png,99.9996542930603
DFDCrraxfwnmzs_0.ela.png,22.10814505815506
FFCDjwudZqo-Bg_0.ela.png,0.05784767563454807
FFCvV_h9VUykDg_0.ela.png,0.015147637168411165
FFCpbD-H8KisWY_1.ela.png,1.0328453965485096
CelebRealTrainid6_0006_0.ela.png,2.288864366710186
DeepfakeDetectionC4007__kitchen_still_0.ela.png,1.284142304211855
DeepfakeDetectionC2302__walking_down_indoor_hall_disgust_0.ela.png,0.2695482922717929
DeepfakeDetectionRAW06__outside_talking_still_laughing_0.ela.png,6.237237527966499
DFDCpkgdbwrasc_0.ela.png,1.5014169737696648
DFDCgtsodxtlcl_0.ela.png,1.6497572883963585
FFCzE41avx58Fw_0.ela.png,8.19656103849411
CelebRealTrain00185_0.ela.png,0.12799850665032864
FFCxNW6l5lgJMw_0.ela.png,0.19138705683872104
DFDClydemyfffs_0.ela.png,68.92775297164917
FFCqb_sn9hVqh0_0.ela.png,84.63550806045532
CelebRealTrain00223_0.ela.png,73.24700951576233
DFDCgofwmkvxix_1.ela.png,4.2361292988061905
FFC1lgHcDoKRGA_0.ela.png,73.40041995048523
FFC2GFsiWW-874_1.ela.png,58.48851203918457
DeepfakeDetectionC2327__walking_down_indoor_hall_disgust_1.ela.png,0.05569415516220033
CelebRealTrainid4_0001_0.ela.png,99.99943971633911
DeepfakeDetectionC2311__kitchen_still_0.ela.png,1.8910899513002732e-06
FFCyNtEPE_OCfg_0.ela.png,48.46362769603729
FFCSya7CnxWBXo_0.ela.png,98.98742437362671
DeepfakeDetectionC2301__walking_down_indoor_hall_disgust_0.ela.png,0.2695488976314664
DeepfakeDetectionC2327__walking_down_indoor_hall_disgust_0.ela.png,69.94632482528687
FFCy0eQ6TPsPY8_0.ela.png,2.4453768506646156
DeepfakeDetectionC2313__talking_angry_couch_0.ela.png,93.62514615058899
DFDCjaoyqdyzvg_0.ela.png,99.98565912246704
FFCL39hr6IDUj4_0.ela.png,84.30036306381226
CelebRealTrain00052_0.ela.png,100.0
DFDCgvvqkgjmqd_0.ela.png,99.83828067779541
DeepfakeDetectionC2318__outside_talking_still_laughing_0.ela.png,99.99980926513672
FFC22mAllXi_-g_0.ela.png,36.057475209236145
DeepfakeDetectionRAW27__kitchen_pan_0.ela.png,0.010768543870653957
CelebRealTrain00293_0.ela.png,100.0
DeepfakeDetectionC4025__outside_talking_still_laughing_0.ela.png,1.5180335380136967
FFC5OmyhUC2O5M_0.ela.png,3.171493512255097e-07
FFCLTj2z-GMX8U_0.ela.png,2.334766834974289
DFDCupugetckpx_0.ela.png,77.79244184494019
CelebRealTrain00118_0.ela.png,0.24964618496596813
FFCH_tr_yumvt0_1.ela.png,8.477631211280823
DeepfakeDetectionC2305__hugging_happy_0.ela.png,3.425346314907074
CelebRealTrain00066_0.ela.png,0.03543809289112687
DFDCjmnqqbwkso_0.ela.png,1.03780347853899
FFCgxILOss2qM8_2.ela.png,1.9030885770916939
DeepfakeDetectionRAW03__hugging_happy_0.ela.png,0.00011964843906753231
FFCu1L10BSRzVs_0.ela.png,0.6751830223947763
DFDCjmxrcvakrr_0.ela.png,95.7905113697052
DeepfakeDetectionC2316__walking_down_indoor_hall_disgust_0.ela.png,52.33757495880127
DeepfakeDetectionC2304__podium_speech_happy_0.ela.png,5.7116348296403885
DeepfakeDetectionC4005__outside_talking_still_laughing_0.ela.png,80.26455044746399
CelebRealTrain00212_0.ela.png,79.98982071876526
DeepfakeDetectionC2308__talking_against_wall_0.ela.png,0.006731224857503548
DeepfakeDetectionC2325__outside_talking_still_laughing_0.ela.png,1.2943163514137268
DFDCsxvxjgrieg_0.ela.png,14.690865576267242
DeepfakeDetectionC2302__walking_and_outside_surprised_0.ela.png,0.10783077450469136
CelebRealTrain00100_0.ela.png,99.92608428001404
CelebRealTrainid0_0006_0.ela.png,100.0
FFCt6rrtC12SfM_0.ela.png,97.6637065410614
DFDCjutnkmqtxy_0.ela.png,99.47304725646973
CelebRealTrain00101_0.ela.png,16.44074320793152
CelebRealTrain00044_0.ela.png,0.06106112850829959
FFC2GFsiWW-874_0.ela.png,87.60244846343994
DFDCgawbagazjl_0.ela.png,10.75729951262474
DeepfakeDetectionC2305__walking_outside_cafe_disgusted_0.ela.png,0.36228401586413383
DeepfakeDetectionC4015__walking_and_outside_surprised_0.ela.png,97.06606864929199
FFCpSc8pCb5ug0_0.ela.png,7.580102980136871
DeepfakeDetectionRAW28__talking_angry_couch_0.ela.png,3.3317353576421738
DFDCyqwtwlkabn_0.ela.png,99.75934624671936
DeepfakeDetectionRAW02__talking_against_wall_0.ela.png,0.02830126613844186
DeepfakeDetectionC2323__kitchen_still_0.ela.png,0.2702183322981
FFCbOZOLDoDFSs_0.ela.png,92.6301121711731
DFDCogomcnnmoa_0.ela.png,0.533745065331459
DeepfakeDetectionRAW02__walking_and_outside_surprised_1.ela.png,69.90216970443726
DeepfakeDetectionC2308__kitchen_pan_0.ela.png,98.94708395004272
DeepfakeDetectionC4011__podium_speech_happy_0.ela.png,97.05652594566345
FFCpRrc0B9FlOU_0.ela.png,99.99984502792358
DeepfakeDetectionC4010__exit_phone_room_0.ela.png,10.859926044940948
DeepfakeDetectionC4028__talking_angry_couch_0.ela.png,0.46308673918247223
DeepfakeDetectionC2316__hugging_happy_0.ela.png,0.0022636142603005283
DFDCqujrxdekxh_0.ela.png,99.99481439590454
FFCYO4G6bBEfsw_0.ela.png,1.0956897611436034e-07
FFCf82KNnLwZPc_0.ela.png,0.015970606182236224
FFCrPBfL0TlQIc_1.ela.png,16.548463702201843
FFCDv5jIIGBDLM_1.ela.png,98.84232878684998
DeepfakeDetectionC2317__walking_down_indoor_hall_disgust_0.ela.png,0.13312388909980655
FFCZUkeswW93N0_0.ela.png,99.99760389328003
DeepfakeDetectionC4022__secret_conversation_0.ela.png,84.44219827651978
DeepfakeDetectionC2301__walking_outside_cafe_disgusted_0.ela.png,65.11889100074768
DeepfakeDetectionC2313__talking_against_wall_0.ela.png,5.529966529138619e-05
DeepfakeDetectionRAW13__podium_speech_happy_0.ela.png,0.41708461940288544
DFDCgueuxgisxo_0.ela.png,4.9703869968652725
DFDCjzginaohpw_0.ela.png,55.43191432952881
DeepfakeDetectionC4001__meeting_serious_0.ela.png,99.97114539146423
DeepfakeDetectionC4005__podium_speech_happy_0.ela.png,22.655510902404785
DFDCffrnrbjbzn_0.ela.png,0.604315847158432
FFClJRdnWyHUkA_0.ela.png,16.96437895298004
FFCuyojEDJHIw0_1.ela.png,60.60187220573425
FFCBo507-uaGkY_0.ela.png,30.606472492218018
FFCrPBfL0TlQIc_0.ela.png,0.2612058538943529
CelebRealTrainid6_0008_0.ela.png,99.99116659164429
DFDCdyslulaxmu_1.ela.png,4.08337228000164
DFDCuctwqnogiy_0.ela.png,99.99746084213257
DeepfakeDetectionC2317__talking_against_wall_0.ela.png,0.15056482516229153
FFCEnCvJ46oFq0_0.ela.png,99.91821646690369
FFCkTQEQ-sRVcg_0.ela.png,6.37454017996788
FFCHIV2f2oU1Jc_1.ela.png,0.1467919792048633
DFDCvgodinrcwk_0.ela.png,97.51198291778564
FFClSJ96mPeLjA_1.ela.png,88.9456570148468
CelebRealTrain00290_0.ela.png,87.76532411575317
DeepfakeDetectionC4011__kitchen_still_0.ela.png,0.1778169651515782
FFCsjTxzMFOey8_0.ela.png,4.831390827894211
DFDCbwiyygfbrz_0.ela.png,93.73539090156555
DeepfakeDetectionRAW15__talking_angry_couch_0.ela.png,4.541153460741043
DeepfakeDetectionC2323__exit_phone_room_0.ela.png,48.34928214550018
CelebRealTrainid7_0004_0.ela.png,12.755699455738068
FFCdD8ijdvmZyM_0.ela.png,100.0
FFCxgW0lJJsGmc_0.ela.png,97.45392799377441
CelebRealTrain00016_0.ela.png,4.624470695853233
DeepfakeDetectionC2315__walking_outside_cafe_disgusted_0.ela.png,99.9667763710022
CelebRealTrain00182_0.ela.png,100.0
FFCGHE8Q7v2uu4_0.ela.png,6.6231002904260095e-06
DeepfakeDetectionC4013__outside_talking_pan_laughing_0.ela.png,0.12078752042725682
DFDClnzitwaxwy_0.ela.png,87.05887198448181
CelebRealTrain00097_0.ela.png,89.89037871360779
CelebRealTrain00152_0.ela.png,99.99744892120361
FFC0r4uhJdcIQA_0.ela.png,99.93237257003784
DFDCuquiozoudk_0.ela.png,0.10430237744003534
DeepfakeDetectionC2320__podium_speech_happy_0.ela.png,1.8780974671244621
DeepfakeDetectionRAW16__podium_speech_happy_0.ela.png,0.8675038814544678
FFCqlV7kuB8whM_0.ela.png,24.35849756002426
CelebRealTrain00206_0.ela.png,84.98864769935608
FFCgxILOss2qM8_1.ela.png,90.31134247779846
FFCFTKej1qmKiQ_0.ela.png,1.7811425223612787e-06
FFCtmSjjPqbakU_0.ela.png,3.266148641705513
DeepfakeDetectionRAW10__podium_speech_happy_0.ela.png,0.009310410678153858
FFCyueeQKJK-wc_0.ela.png,97.92937636375427
DeepfakeDetectionC4014__kitchen_pan_0.ela.png,2.4217335507273674
DFDCmsauawcsbd_0.ela.png,19.016338884830475
DFDCayntzgwakd_0.ela.png,95.60643434524536
FFCFTwDVMUysfk_0.ela.png,52.618640661239624
FFC8WGsQ0Y7uyU_0.ela.png,1.0794226080179214
DFDCejazprqjzr_0.ela.png,20.47972083091736
DeepfakeDetectionC2303__exit_phone_room_0.ela.png,64.0864372253418
FFCLlVFy9dZwb4_0.ela.png,99.98356103897095
DeepfakeDetectionC2325__talking_against_wall_0.ela.png,2.7918633073568344
CelebRealTrain00107_0.ela.png,49.068158864974976
FFCvYZGBJj7xZA_0.ela.png,0.7639585062861443
DeepfakeDetectionC2317__walking_down_indoor_hall_disgust_1.ela.png,0.012722513929475099
FFCQgpr1XQdb-I_0.ela.png,14.64393436908722
CelebRealTrainid6_0003_0.ela.png,7.351284164736072e-09
FFCRBTDZo0IqmA_0.ela.png,100.0
FFCy4PqkuhOzNc_0.ela.png,17.67628937959671
DeepfakeDetectionC2321__kitchen_pan_0.ela.png,0.0051312035793671384
DeepfakeDetectionC4002__podium_speech_happy_0.ela.png,92.56060123443604
CelebRealTrain00157_0.ela.png,18.32657903432846
DFDCtzbpevdzwr_0.ela.png,60.3763222694397
FFCkteGC21C9Aw_0.ela.png,4.6479323145831586e-05
DFDCcwaayxldci_0.ela.png,98.88771176338196
FFCyZVyZN2kZKY_0.ela.png,0.0007508143880841089
DFDCgofwmkvxix_0.ela.png,8.118189126253128
DFDCnmkdfyleld_0.ela.png,99.99997615814209
CelebRealTrain00217_0.ela.png,92.978835105896
FFCGHvC1sewHnI_0.ela.png,0.0037329755286918953
CelebRealTrain00067_0.ela.png,42.135801911354065
FFCevElKi784UA_0.ela.png,55.93971610069275
DFDCkpaxztlqrz_0.ela.png,4.397430270910263
CelebRealTrain00086_0.ela.png,0.06158315809443593
FFC0GvV_83Wlf8_0.ela.png,0.23883131798356771
DFDCaexwgcmvef_0.ela.png,86.29046678543091
CelebRealTrain00126_0.ela.png,23.681478202342987
DFDCzznuigsflq_0.ela.png,0.0012789938409696333
DeepfakeDetectionC2304__kitchen_pan_0.ela.png,0.15475470572710037
DFDCakqfwqfyck_0.ela.png,98.61589074134827
DFDCegevbbvbao_0.ela.png,6.514882296323776
CelebRealTrainid2_0000_0.ela.png,99.91782307624817
FFCrPBfL0TlQIc_2.ela.png,0.017019746883306652
FFCrI7GbgEhwoY_0.ela.png,99.9945878982544
DeepfakeDetectionC4017__walking_and_outside_surprised_0.ela.png,69.17827725410461
DeepfakeDetectionC4016__podium_speech_happy_0.ela.png,99.99181032180786
CelebRealTrain00216_0.ela.png,0.002533385486458428
CelebRealTrainid9_0008_0.ela.png,1.3606518507003784
FFC0gQ_EwnItOI_0.ela.png,99.6547281742096
FFCikyZUthLOHw_0.ela.png,93.84243488311768
FFCibKjl4ZyA9w_0.ela.png,99.10249710083008
CelebRealTrainid1_0002_0.ela.png,100.0
CelebRealTrain00171_0.ela.png,85.5850875377655
DeepfakeDetectionC4023__walking_down_indoor_hall_disgust_0.ela.png,1.7221588641405106
DeepfakeDetectionC4027__walking_and_outside_surprised_0.ela.png,0.5144602153450251
FFCXEFksgCefyg_0.ela.png,0.0082214675785508
DFDCtokkkdfyds_0.ela.png,29.750120639801025
FFChz8tDJfT6ZE_0.ela.png,6.490059942007065
DeepfakeDetectionC4014__walking_down_indoor_hall_disgust_0.ela.png,0.0029209491913206875
FFCxs-QgU_Msy0_0.ela.png,0.0051850998715963215
FFCyKb0teStH1I_0.ela.png,0.044057812192477286
FFCz1TT_iTuSfU_0.ela.png,0.0015371748304460198
FFCsgoA6ahEvjw_0.ela.png,99.99830722808838
FFC9tGnxCZWcL4_0.ela.png,5.922359228134155
DeepfakeDetectionC4017__talking_angry_couch_0.ela.png,0.009854549716692418
CelebRealTrain00164_0.ela.png,80.54380416870117
DeepfakeDetectionC2315__podium_speech_happy_0.ela.png,0.7300189230591059
DeepfakeDetectionC4002__meeting_serious_0.ela.png,3.4019455313682556
FFC6sLGAsjNiG8_0.ela.png,79.91124391555786
FFCnU37adohUBg_0.ela.png,0.0003022367991434294
FFC6W7kF_F0G90_0.ela.png,0.012761684774886817
CelebRealTrain00139_0.ela.png,98.36722016334534
FFCzD4gR7-ZMhE_0.ela.png,98.87909889221191
CelebRealTrain00071_0.ela.png,63.059788942337036
DeepfakeDetectionC4027__hugging_happy_0.ela.png,1.130922045558691
DeepfakeDetectionC4004__walking_outside_cafe_disgusted_0.ela.png,75.39428472518921
DeepfakeDetectionC2311__talking_against_wall_0.ela.png,0.004172128683421761
FFCk9e1zH8O1go_0.ela.png,0.0022829868612461723
FFC5QOExrnlHXs_0.ela.png,0.00022493743472296046
FFCuE-bz8xv0Mw_0.ela.png,0.004577066647470929
DFDCrrkokchngl_0.ela.png,58.99345874786377
FFCze_1aoKAioE_0.ela.png,4.069732874631882
DeepfakeDetectionC4007__exit_phone_room_0.ela.png,36.49532496929169
DeepfakeDetectionRAW06__exit_phone_room_0.ela.png,99.3230938911438
DFDCwwozuefkgl_0.ela.png,99.99966621398926
DeepfakeDetectionC2322__walking_outside_cafe_disgusted_0.ela.png,99.99803304672241
DeepfakeDetectionC2311__talking_angry_couch_0.ela.png,0.007977541827131063
DeepfakeDetectionC2311__podium_speech_happy_0.ela.png,2.351684123277664
FFCr2T0mn64MAU_0.ela.png,0.02146888873539865
DeepfakeDetectionC2322__walking_down_indoor_hall_disgust_0.ela.png,0.0011539726983755827
FFCrgkJiQbfE8Q_0.ela.png,7.173251770353772e-07
CelebRealTrain00243_0.ela.png,0.3388501703739166
FFCmlJ64nVPKsM_0.ela.png,96.70854210853577
FFCybIKgqf-Zls_0.ela.png,99.84997510910034
FFCASK5geAy3z0_0.ela.png,0.056941056391224265
CelebRealTrainid3_0005_0.ela.png,5.959554414403101e-05
DeepfakeDetectionC2305__kitchen_still_0.ela.png,0.3120288485661149
DeepfakeDetectionC2315__exit_phone_room_0.ela.png,99.99312162399292
CelebRealTrain00012_0.ela.png,90.05675911903381
CelebRealTrain00238_0.ela.png,62.32790946960449
FFCvzPhIF7L2pg_0.ela.png,99.89802241325378
DFDCkqzbkkboos_0.ela.png,10.354964435100555
DeepfakeDetectionC4008__exit_phone_room_0.ela.png,99.7510552406311
DeepfakeDetectionC4021__outside_talking_still_laughing_0.ela.png,25.563883781433105
DeepfakeDetectionC4003__walking_down_indoor_hall_disgust_1.ela.png,0.009712790051707998
DFDCfvfcrmjkrx_0.ela.png,15.918363630771637
DFDCefkzktkwib_0.ela.png,5.8126382529735565
DeepfakeDetectionC4020__hugging_happy_0.ela.png,2.185738831758499
FFCUERuiCqLfII_0.ela.png,100.0
FFCs8raRFJ7z9w_0.ela.png,0.03371899074409157
FFC9IJpA4hiJb4_0.ela.png,6.831580400466919
DFDCjekqutvzpb_0.ela.png,64.09600973129272
DeepfakeDetectionC2302__kitchen_pan_0.ela.png,0.022489274851977825
DFDCwecdyinews_0.ela.png,24.798186123371124
FFCxpr2-JQHu2M_0.ela.png,80.08220791816711
FFCX7vHxOyOYvQ_0.ela.png,44.80997622013092
CelebRealTrain00111_0.ela.png,0.01615199289517477
FFCDv5jIIGBDLM_2.ela.png,28.577512502670288
FFCDxSGldup4_w_0.ela.png,0.08354763267561793
DFDCipriwqdeci_0.ela.png,0.04460599448066205
FFCHKm5Ax0EfWg_1.ela.png,7.529657334089279
FFCtTzFkD7YJ8g_0.ela.png,16.295354068279266
FFC2a6oWjQ2IxI_0.ela.png,2.8469406068325043
DFDCfdipsrizhu_0.ela.png,1.8431996926665306
DeepfakeDetectionC2322__outside_talking_still_laughing_0.ela.png,99.99556541442871
DeepfakeDetectionC2315__kitchen_still_0.ela.png,0.16194831114262342
DFDChlvqeedsbs_0.ela.png,99.99797344207764
DeepfakeDetectionC4027__talking_angry_couch_0.ela.png,27.796930074691772
